ข้อคำถาม,5,5(%),4,4(%),3,3(%),2,2(%),1,1(%),0,0(%),x_bar,SD,topic,degree,semester,subject,section,นักศึกษาที่จดทะเบียน,นักศึกษาที่ประเมิน,url,year,sem,n,class,situation
สอนอย่างเป็นระบบ,4,66.67,1,16.67,0,0,1,16.67,0,0,0,0,4.33,1.21,ส่วนที่ 1 ข้อคำถามกลางของมหาวิทยาลัย,ปริญญาตรี โครงการพิเศษ,1/2562,FGL497,231863,43,6 (13.95%),https://sgulyano.github.io/eval/02226005.html,2562,1,6,1/2562|FGL497|231863,normal
สอนให้คิด วิเคราะห์ วิจารณ์,4,66.67,0,0,1,16.67,1,16.67,0,0,0,0,4.17,1.33,ส่วนที่ 1 ข้อคำถามกลางของมหาวิทยาลัย,ปริญญาตรี โครงการพิเศษ,1/2562,FGL497,231863,43,6 (13.95%),https://sgulyano.github.io/eval/02226005.html,2562,1,6,1/2562|FGL497|231863,normal
กระตุ้นบรรยากาศการเรียนการสอน มีวิธีสอนที่น่าสนใจและน่าติดตาม,2,33.33,1,16.67,1,16.67,1,16.67,1,16.67,0,0,3.33,1.63,ส่วนที่ 1 ข้อคำถามกลางของมหาวิทยาลัย,ปริญญาตรี โครงการพิเศษ,1/2562,FGL497,231863,43,6 (13.95%),https://sgulyano.github.io/eval/02226005.html,2562,1,6,1/2562|FGL497|231863,normal
เปิดโอกาสให้แสดงความคิดเห็นและแลกเปลี่ยนประสบการณ์ ทั้งภายในและภายนอกห้องเรียน,3,50,2,33.33,0,0,0,0,1,16.67,0,0,4,1.55,ส่วนที่ 1 ข้อคำถามกลางของมหาวิทยาลัย,ปริญญาตรี โครงการพิเศษ,1/2562,FGL497,231863,43,6 (13.95%),https://sgulyano.github.io/eval/02226005.html,2562,1,6,1/2562|FGL497|231863,normal
มีการให้นำเสนองาน/มีการวัดผลโดยวิธีอื่นๆที่สะท้อนความสามารถของผู้เรียนนอกเหนือจากการตอบข้อสอบ,3,50,2,33.33,1,16.67,0,0,0,0,0,0,4.33,0.82,ส่วนที่ 1 ข้อคำถามกลางของมหาวิทยาลัย,ปริญญาตรี โครงการพิเศษ,1/2562,FGL497,231863,43,6 (13.95%),https://sgulyano.github.io/eval/02226005.html,2562,1,6,1/2562|FGL497|231863,normal
ทำให้เห็นความสัมพันธ์กับวิชาอื่นที่เกี่ยวข้อง,3,50,2,33.33,0,0,1,16.67,0,0,0,0,4.17,1.17,ส่วนที่ 1 ข้อคำถามกลางของมหาวิทยาลัย,ปริญญาตรี โครงการพิเศษ,1/2562,FGL497,231863,43,6 (13.95%),https://sgulyano.github.io/eval/02226005.html,2562,1,6,1/2562|FGL497|231863,normal
ใช้สื่อและอุปกรณ์ช่วยสอนได้ดี,3,50,2,33.33,0,0,1,16.67,0,0,0,0,4.17,1.17,ส่วนที่ 1 ข้อคำถามกลางของมหาวิทยาลัย,ปริญญาตรี โครงการพิเศษ,1/2562,FGL497,231863,43,6 (13.95%),https://sgulyano.github.io/eval/02226005.html,2562,1,6,1/2562|FGL497|231863,normal
แนะนำแหล่งค้นคว้าข้อมูลเพิ่มเติมให้,3,50,1,16.67,1,16.67,1,16.67,0,0,0,0,4,1.26,ส่วนที่ 1 ข้อคำถามกลางของมหาวิทยาลัย,ปริญญาตรี โครงการพิเศษ,1/2562,FGL497,231863,43,6 (13.95%),https://sgulyano.github.io/eval/02226005.html,2562,1,6,1/2562|FGL497|231863,normal
ผู้สอนแจ้งวัตถุประสงค์และเนื้อหารายวิชาตามเค้าโครงการสอนรายวิชาอย่างชัดเจน,4,66.67,1,16.67,1,16.67,0,0,0,0,0,0,4.5,0.84,ส่วนที่ 2 ข้อคำถามของคณะ/หน่วยงาน,ปริญญาตรี โครงการพิเศษ,1/2562,FGL497,231863,43,6 (13.95%),https://sgulyano.github.io/eval/02226005.html,2562,1,6,1/2562|FGL497|231863,normal
ผู้สอนแจ้งเกณฑ์และวิธีประเมินผลล่วงหน้าชัดเจน,5,83.33,1,16.67,0,0,0,0,0,0,0,0,4.83,0.41,ส่วนที่ 2 ข้อคำถามของคณะ/หน่วยงาน,ปริญญาตรี โครงการพิเศษ,1/2562,FGL497,231863,43,6 (13.95%),https://sgulyano.github.io/eval/02226005.html,2562,1,6,1/2562|FGL497|231863,normal
ผู้สอนเข้าสอนและเลิกสอนตรงเวลา,6,100,0,0,0,0,0,0,0,0,0,0,5,0.00,ส่วนที่ 2 ข้อคำถามของคณะ/หน่วยงาน,ปริญญาตรี โครงการพิเศษ,1/2562,FGL497,231863,43,6 (13.95%),https://sgulyano.github.io/eval/02226005.html,2562,1,6,1/2562|FGL497|231863,normal
ผู้สอนมาสอนสม่ำเสมอ,6,100,0,0,0,0,0,0,0,0,0,0,5,0.00,ส่วนที่ 2 ข้อคำถามของคณะ/หน่วยงาน,ปริญญาตรี โครงการพิเศษ,1/2562,FGL497,231863,43,6 (13.95%),https://sgulyano.github.io/eval/02226005.html,2562,1,6,1/2562|FGL497|231863,normal
ผู้สอนสอนเนื้อหาครบถ้วน และสอดคล้องตามเค้าโครงการสอนรายวิชา,3,50,3,50,0,0,0,0,0,0,0,0,4.5,0.55,ส่วนที่ 2 ข้อคำถามของคณะ/หน่วยงาน,ปริญญาตรี โครงการพิเศษ,1/2562,FGL497,231863,43,6 (13.95%),https://sgulyano.github.io/eval/02226005.html,2562,1,6,1/2562|FGL497|231863,normal
ผู้สอนมีการเตรียมการสอนมาอย่างดี,3,50,2,33.33,0,0,1,16.67,0,0,0,0,4.17,1.17,ส่วนที่ 2 ข้อคำถามของคณะ/หน่วยงาน,ปริญญาตรี โครงการพิเศษ,1/2562,FGL497,231863,43,6 (13.95%),https://sgulyano.github.io/eval/02226005.html,2562,1,6,1/2562|FGL497|231863,normal
ผู้สอนชี้แนะจุดมุ่งหมายประเด็นหรือข้อสรุปที่เป็นเนื้อหาสาระสำคัญ,3,50,2,33.33,1,16.67,0,0,0,0,0,0,4.33,0.82,ส่วนที่ 2 ข้อคำถามของคณะ/หน่วยงาน,ปริญญาตรี โครงการพิเศษ,1/2562,FGL497,231863,43,6 (13.95%),https://sgulyano.github.io/eval/02226005.html,2562,1,6,1/2562|FGL497|231863,normal
ผู้สอนแทรกเนื้อหาเกี่ยวกับคุณธรรมจริยธรรมในการเรียนการสอน,2,33.33,2,33.33,2,33.33,0,0,0,0,0,0,4,0.89,ส่วนที่ 2 ข้อคำถามของคณะ/หน่วยงาน,ปริญญาตรี โครงการพิเศษ,1/2562,FGL497,231863,43,6 (13.95%),https://sgulyano.github.io/eval/02226005.html,2562,1,6,1/2562|FGL497|231863,normal
โสตทัศนูปกรณ์ช่วยสอนในห้องเรียน เช่น ไมโครโฟน เครื่องฉายแผ่นทึบ มีคุณภาพพร้อมใช้งาน,2,33.33,0,0,2,33.33,2,33.33,0,0,0,0,3.33,1.37,ส่วนที่ 3 สภาพแวดล้อมและสิ่งสนับสนุนการเรียนรู้,ปริญญาตรี โครงการพิเศษ,1/2562,FGL497,231863,43,6 (13.95%),https://sgulyano.github.io/eval/02226005.html,2562,1,6,1/2562|FGL497|231863,normal
สภาพของห้องเรียนหรือห้องปฏิบัติการ เช่น แสง อุณหภูมิ โต๊ะ เก้าอี้ จุดเชื่อมต่ออินเตอร์เน็ตไร้สายบริการ ฯลฯ มีความเหมาะสมและคุณภาพพร้อมใช้งาน,2,33.33,0,0,2,33.33,1,16.67,1,16.67,0,0,3.17,1.60,ส่วนที่ 3 สภาพแวดล้อมและสิ่งสนับสนุนการเรียนรู้,ปริญญาตรี โครงการพิเศษ,1/2562,FGL497,231863,43,6 (13.95%),https://sgulyano.github.io/eval/02226005.html,2562,1,6,1/2562|FGL497|231863,normal
จำนวนอุปกรณ์ในการเรียนการสอนเพียงพอ และเหมาะสมต่อจำนวนผู้เรียน เช่น คอมพิวเตอร์ เครื่องดนตรี ฯลฯ,3,50,0,0,3,50,0,0,0,0,0,0,4,1.10,ส่วนที่ 3 สภาพแวดล้อมและสิ่งสนับสนุนการเรียนรู้,ปริญญาตรี โครงการพิเศษ,1/2562,FGL497,231863,43,6 (13.95%),https://sgulyano.github.io/eval/02226005.html,2562,1,6,1/2562|FGL497|231863,normal
เจ้าหน้าที่อำนวยความสะดวกในการให้บริการในการเรียนวิชานี้,4,66.67,1,16.67,1,16.67,0,0,0,0,0,0,4.5,0.84,ส่วนที่ 3 สภาพแวดล้อมและสิ่งสนับสนุนการเรียนรู้,ปริญญาตรี โครงการพิเศษ,1/2562,FGL497,231863,43,6 (13.95%),https://sgulyano.github.io/eval/02226005.html,2562,1,6,1/2562|FGL497|231863,normal
"ผู้สอนมีการกำหนดวัตถุประสงค์, หัวข้อการสอน, และมีเอกสารอ่านประกอบ",8,80,2,20,0,0,0,0,0,0,0,0,4.8,0.42,ส่วนที่ 1 ข้อคำถามกลางของมหาวิทยาลัย,ปริญญาตรี โครงการพิเศษ,2/2563,FGL497,728025,45,10 (22.22%),https://sgulyano.github.io/eval/08846113.html,2563,2,10,2/2563|FGL497|728025,covid
ผู้สอนมีการสอน ตามสภาพจริง เหมาะสมภายใต้ข้อจำกัดในสถานการณ์ COVID-19 และสอดคล้องกับมาตรฐานการเรียนรู้ / ตัวชี้วัด,5,50,5,50,0,0,0,0,0,0,0,0,4.5,0.53,ส่วนที่ 1 ข้อคำถามกลางของมหาวิทยาลัย,ปริญญาตรี โครงการพิเศษ,2/2563,FGL497,728025,45,10 (22.22%),https://sgulyano.github.io/eval/08846113.html,2563,2,10,2/2563|FGL497|728025,covid
ผู้สอนมีการประเมินผล ตามสภาพจริง เหมาะสมภายใต้ข้อจำกัดในสถานการณ์ COVID-19 และสอดคล้องกับมาตรฐานการเรียนรู้ / ตัวชี้วัด,4,40,5,50,1,10,0,0,0,0,0,0,4.3,0.67,ส่วนที่ 1 ข้อคำถามกลางของมหาวิทยาลัย,ปริญญาตรี โครงการพิเศษ,2/2563,FGL497,728025,45,10 (22.22%),https://sgulyano.github.io/eval/08846113.html,2563,2,10,2/2563|FGL497|728025,covid
ผู้สอนสร้างช่องทางการติดต่อกับผู้เรียน ในการปรึกษาข้อสงสัยในหัวข้อที่เรียน ทำให้การเรียนเป็นไปตามวัตถุประสงค์,5,50,4,40,1,10,0,0,0,0,0,0,4.4,0.70,ส่วนที่ 1 ข้อคำถามกลางของมหาวิทยาลัย,ปริญญาตรี โครงการพิเศษ,2/2563,FGL497,728025,45,10 (22.22%),https://sgulyano.github.io/eval/08846113.html,2563,2,10,2/2563|FGL497|728025,covid
ผู้สอนมีการเตรียมการสอนมาอย่างดี สอนอย่างมีขั้นตอนและต่อเนื่อง ตามเค้าโครงการสอนหรือเนื้อหาวิชาที่รับผิดชอบภายใต้ข้อจำกัดในการเรียนการสอนออนไลน์,6,60,4,40,0,0,0,0,0,0,0,0,4.6,0.52,ส่วนที่ 1 ข้อคำถามกลางของมหาวิทยาลัย,ปริญญาตรี โครงการพิเศษ,2/2563,FGL497,728025,45,10 (22.22%),https://sgulyano.github.io/eval/08846113.html,2563,2,10,2/2563|FGL497|728025,covid
ผู้สอนอธิบายชัดเจน ตรงประเด็น มีการยกตัวอย่างประกอบให้เข้าใจง่าย และมีการใช้สื่อการสอนที่สามารถเชื่อมโยงกับเนื้อหาที่สอนให้ผู้เรียนเกิดการเรียนรู้ได้ดีขึ้น,3,30,4,40,3,30,0,0,0,0,0,0,4,0.82,ส่วนที่ 1 ข้อคำถามกลางของมหาวิทยาลัย,ปริญญาตรี โครงการพิเศษ,2/2563,FGL497,728025,45,10 (22.22%),https://sgulyano.github.io/eval/08846113.html,2563,2,10,2/2563|FGL497|728025,covid
ผู้สอนกระตุ้นและส่งเสริมให้นักศึกษาซักถาม คิด วิเคราะห์ วิจารณ์ แสดงความคิดเห็น และส่งเสริมการค้นคว้าด้วยตนเอง พร้อมแนะนำแหล่งความรู้เพิ่มเติม,3,30,2,20,5,50,0,0,0,0,0,0,3.8,0.92,ส่วนที่ 1 ข้อคำถามกลางของมหาวิทยาลัย,ปริญญาตรี โครงการพิเศษ,2/2563,FGL497,728025,45,10 (22.22%),https://sgulyano.github.io/eval/08846113.html,2563,2,10,2/2563|FGL497|728025,covid
ผู้สอนส่งเสริมให้นักศึกษามีคุณธรรม จริยธรรม และปลูกฝังจิตสํานึกให้นักศึกษานําไปประพฤติและปฏิบัติได้อย่างเหมาะสม,6,60,2,20,2,20,0,0,0,0,0,0,4.4,0.84,ส่วนที่ 1 ข้อคำถามกลางของมหาวิทยาลัย,ปริญญาตรี โครงการพิเศษ,2/2563,FGL497,728025,45,10 (22.22%),https://sgulyano.github.io/eval/08846113.html,2563,2,10,2/2563|FGL497|728025,covid
สอนอย่างเป็นระบบ,16,57.14,9,32.14,2,7.14,1,3.57,0,0,0,0,4.43,0.79,ส่วนที่ 1 ข้อคำถามกลางของมหาวิทยาลัย,ปริญญาตรี โครงการพิเศษ,1/2563,DRI970,231863,43,29 (67.44%),https://sgulyano.github.io/eval/19689783.html,2563,1,29,1/2563|DRI970|231863,normal
สอนให้คิด วิเคราะห์ วิจารณ์,14,50,8,28.57,6,21.43,0,0,0,0,0,0,4.29,0.81,ส่วนที่ 1 ข้อคำถามกลางของมหาวิทยาลัย,ปริญญาตรี โครงการพิเศษ,1/2563,DRI970,231863,43,29 (67.44%),https://sgulyano.github.io/eval/19689783.html,2563,1,29,1/2563|DRI970|231863,normal
กระตุ้นบรรยากาศการเรียนการสอน มีวิธีสอนที่น่าสนใจและน่าติดตาม,12,42.86,8,28.57,6,21.43,1,3.57,0,0,1,3.57,4.15,0.91,ส่วนที่ 1 ข้อคำถามกลางของมหาวิทยาลัย,ปริญญาตรี โครงการพิเศษ,1/2563,DRI970,231863,43,29 (67.44%),https://sgulyano.github.io/eval/19689783.html,2563,1,29,1/2563|DRI970|231863,normal
เปิดโอกาสให้แสดงความคิดเห็นและแลกเปลี่ยนประสบการณ์ ทั้งภายในและภายนอกห้องเรียน,16,57.14,9,32.14,3,10.71,0,0,0,0,0,0,4.46,0.69,ส่วนที่ 1 ข้อคำถามกลางของมหาวิทยาลัย,ปริญญาตรี โครงการพิเศษ,1/2563,DRI970,231863,43,29 (67.44%),https://sgulyano.github.io/eval/19689783.html,2563,1,29,1/2563|DRI970|231863,normal
มีการให้นำเสนองาน/มีการวัดผลโดยวิธีอื่นๆที่สะท้อนความสามารถของผู้เรียนนอกเหนือจากการตอบข้อสอบ,13,46.43,13,46.43,1,3.57,1,3.57,0,0,0,0,4.36,0.73,ส่วนที่ 1 ข้อคำถามกลางของมหาวิทยาลัย,ปริญญาตรี โครงการพิเศษ,1/2563,DRI970,231863,43,29 (67.44%),https://sgulyano.github.io/eval/19689783.html,2563,1,29,1/2563|DRI970|231863,normal
ทำให้เห็นความสัมพันธ์กับวิชาอื่นที่เกี่ยวข้อง,14,50,7,25,6,21.43,1,3.57,0,0,0,0,4.21,0.92,ส่วนที่ 1 ข้อคำถามกลางของมหาวิทยาลัย,ปริญญาตรี โครงการพิเศษ,1/2563,DRI970,231863,43,29 (67.44%),https://sgulyano.github.io/eval/19689783.html,2563,1,29,1/2563|DRI970|231863,normal
ใช้สื่อและอุปกรณ์ช่วยสอนได้ดี,13,46.43,11,39.29,2,7.14,2,7.14,0,0,0,0,4.25,0.89,ส่วนที่ 1 ข้อคำถามกลางของมหาวิทยาลัย,ปริญญาตรี โครงการพิเศษ,1/2563,DRI970,231863,43,29 (67.44%),https://sgulyano.github.io/eval/19689783.html,2563,1,29,1/2563|DRI970|231863,normal
แนะนำแหล่งค้นคว้าข้อมูลเพิ่มเติมให้,16,57.14,8,28.57,4,14.29,0,0,0,0,0,0,4.43,0.74,ส่วนที่ 1 ข้อคำถามกลางของมหาวิทยาลัย,ปริญญาตรี โครงการพิเศษ,1/2563,DRI970,231863,43,29 (67.44%),https://sgulyano.github.io/eval/19689783.html,2563,1,29,1/2563|DRI970|231863,normal
ผู้สอนแจ้งวัตถุประสงค์และเนื้อหารายวิชาตามเค้าโครงการสอนรายวิชาอย่างชัดเจน,20,71.43,6,21.43,1,3.57,1,3.57,0,0,0,0,4.61,0.74,ส่วนที่ 2 ข้อคำถามของคณะ/หน่วยงาน,ปริญญาตรี โครงการพิเศษ,1/2563,DRI970,231863,43,29 (67.44%),https://sgulyano.github.io/eval/19689783.html,2563,1,29,1/2563|DRI970|231863,normal
ผู้สอนแจ้งเกณฑ์และวิธีประเมินผลล่วงหน้าชัดเจน,22,78.57,5,17.86,0,0,0,0,1,3.57,0,0,4.68,0.82,ส่วนที่ 2 ข้อคำถามของคณะ/หน่วยงาน,ปริญญาตรี โครงการพิเศษ,1/2563,DRI970,231863,43,29 (67.44%),https://sgulyano.github.io/eval/19689783.html,2563,1,29,1/2563|DRI970|231863,normal
ผู้สอนเข้าสอนและเลิกสอนตรงเวลา,18,64.29,9,32.14,1,3.57,0,0,0,0,0,0,4.61,0.57,ส่วนที่ 2 ข้อคำถามของคณะ/หน่วยงาน,ปริญญาตรี โครงการพิเศษ,1/2563,DRI970,231863,43,29 (67.44%),https://sgulyano.github.io/eval/19689783.html,2563,1,29,1/2563|DRI970|231863,normal
ผู้สอนมาสอนสม่ำเสมอ,23,82.14,3,10.71,2,7.14,0,0,0,0,0,0,4.75,0.59,ส่วนที่ 2 ข้อคำถามของคณะ/หน่วยงาน,ปริญญาตรี โครงการพิเศษ,1/2563,DRI970,231863,43,29 (67.44%),https://sgulyano.github.io/eval/19689783.html,2563,1,29,1/2563|DRI970|231863,normal
ผู้สอนสอนเนื้อหาครบถ้วน และสอดคล้องตามเค้าโครงการสอนรายวิชา,20,71.43,6,21.43,1,3.57,1,3.57,0,0,0,0,4.61,0.74,ส่วนที่ 2 ข้อคำถามของคณะ/หน่วยงาน,ปริญญาตรี โครงการพิเศษ,1/2563,DRI970,231863,43,29 (67.44%),https://sgulyano.github.io/eval/19689783.html,2563,1,29,1/2563|DRI970|231863,normal
ผู้สอนมีการเตรียมการสอนมาอย่างดี,19,67.86,6,21.43,3,10.71,0,0,0,0,0,0,4.57,0.69,ส่วนที่ 2 ข้อคำถามของคณะ/หน่วยงาน,ปริญญาตรี โครงการพิเศษ,1/2563,DRI970,231863,43,29 (67.44%),https://sgulyano.github.io/eval/19689783.html,2563,1,29,1/2563|DRI970|231863,normal
ผู้สอนชี้แนะจุดมุ่งหมายประเด็นหรือข้อสรุปที่เป็นเนื้อหาสาระสำคัญ,19,67.86,6,21.43,1,3.57,2,7.14,0,0,0,0,4.5,0.88,ส่วนที่ 2 ข้อคำถามของคณะ/หน่วยงาน,ปริญญาตรี โครงการพิเศษ,1/2563,DRI970,231863,43,29 (67.44%),https://sgulyano.github.io/eval/19689783.html,2563,1,29,1/2563|DRI970|231863,normal
ผู้สอนแทรกเนื้อหาเกี่ยวกับคุณธรรมจริยธรรมในการเรียนการสอน,16,57.14,4,14.29,5,17.86,3,10.71,0,0,0,0,4.18,1.09,ส่วนที่ 2 ข้อคำถามของคณะ/หน่วยงาน,ปริญญาตรี โครงการพิเศษ,1/2563,DRI970,231863,43,29 (67.44%),https://sgulyano.github.io/eval/19689783.html,2563,1,29,1/2563|DRI970|231863,normal
โสตทัศนูปกรณ์ช่วยสอนในห้องเรียน เช่น ไมโครโฟน เครื่องฉายแผ่นทึบ มีคุณภาพพร้อมใช้งาน,14,50,8,28.57,5,17.86,0,0,1,3.57,0,0,4.21,0.99,ส่วนที่ 3 สภาพแวดล้อมและสิ่งสนับสนุนการเรียนรู้,ปริญญาตรี โครงการพิเศษ,1/2563,DRI970,231863,43,29 (67.44%),https://sgulyano.github.io/eval/19689783.html,2563,1,29,1/2563|DRI970|231863,normal
สภาพของห้องเรียนหรือห้องปฏิบัติการ เช่น แสง อุณหภูมิ โต๊ะ เก้าอี้ จุดเชื่อมต่ออินเตอร์เน็ตไร้สายบริการ ฯลฯ มีความเหมาะสมและคุณภาพพร้อมใช้งาน,16,57.14,7,25,4,14.29,0,0,1,3.57,0,0,4.32,0.98,ส่วนที่ 3 สภาพแวดล้อมและสิ่งสนับสนุนการเรียนรู้,ปริญญาตรี โครงการพิเศษ,1/2563,DRI970,231863,43,29 (67.44%),https://sgulyano.github.io/eval/19689783.html,2563,1,29,1/2563|DRI970|231863,normal
จำนวนอุปกรณ์ในการเรียนการสอนเพียงพอ และเหมาะสมต่อจำนวนผู้เรียน เช่น คอมพิวเตอร์ เครื่องดนตรี ฯลฯ,14,50,9,32.14,3,10.71,0,0,0,0,2,7.14,4.42,0.70,ส่วนที่ 3 สภาพแวดล้อมและสิ่งสนับสนุนการเรียนรู้,ปริญญาตรี โครงการพิเศษ,1/2563,DRI970,231863,43,29 (67.44%),https://sgulyano.github.io/eval/19689783.html,2563,1,29,1/2563|DRI970|231863,normal
เจ้าหน้าที่อำนวยความสะดวกในการให้บริการในการเรียนวิชานี้,15,53.57,6,21.43,5,17.86,1,3.57,0,0,1,3.57,4.3,0.91,ส่วนที่ 3 สภาพแวดล้อมและสิ่งสนับสนุนการเรียนรู้,ปริญญาตรี โครงการพิเศษ,1/2563,DRI970,231863,43,29 (67.44%),https://sgulyano.github.io/eval/19689783.html,2563,1,29,1/2563|DRI970|231863,normal
"ผู้สอนมีการกำหนดวัตถุประสงค์, หัวข้อการสอน, และมีเอกสารอ่านประกอบ",3,60,2,40,0,0,0,0,0,0,0,0,4.6,0.55,ส่วนที่ 1 ข้อคำถามกลางของมหาวิทยาลัย,ปริญญาตรี โครงการพิเศษ,2/2562,FGL497,231863,50,5 (10.00%),https://sgulyano.github.io/eval/24363682.html,2562,2,5,2/2562|FGL497|231863,covid
ผู้สอนมีการสอน ตามสภาพจริง เหมาะสมภายใต้ข้อจำกัดในสถานการณ์ COVID-19 และสอดคล้องกับมาตรฐานการเรียนรู้ / ตัวชี้วัด,3,60,1,20,1,20,0,0,0,0,0,0,4.4,0.89,ส่วนที่ 1 ข้อคำถามกลางของมหาวิทยาลัย,ปริญญาตรี โครงการพิเศษ,2/2562,FGL497,231863,50,5 (10.00%),https://sgulyano.github.io/eval/24363682.html,2562,2,5,2/2562|FGL497|231863,covid
ผู้สอนมีการประเมินผล ตามสภาพจริง เหมาะสมภายใต้ข้อจำกัดในสถานการณ์ COVID-19 และสอดคล้องกับมาตรฐานการเรียนรู้ / ตัวชี้วัด,1,20,3,60,1,20,0,0,0,0,0,0,4,0.71,ส่วนที่ 1 ข้อคำถามกลางของมหาวิทยาลัย,ปริญญาตรี โครงการพิเศษ,2/2562,FGL497,231863,50,5 (10.00%),https://sgulyano.github.io/eval/24363682.html,2562,2,5,2/2562|FGL497|231863,covid
ผู้สอนสร้างช่องทางการติดต่อกับผู้เรียน ในการปรึกษาข้อสงสัยในหัวข้อที่เรียน ทำให้การเรียนเป็นไปตามวัตถุประสงค์,2,40,3,60,0,0,0,0,0,0,0,0,4.4,0.55,ส่วนที่ 1 ข้อคำถามกลางของมหาวิทยาลัย,ปริญญาตรี โครงการพิเศษ,2/2562,FGL497,231863,50,5 (10.00%),https://sgulyano.github.io/eval/24363682.html,2562,2,5,2/2562|FGL497|231863,covid
ผู้สอนมีการเตรียมการสอนมาอย่างดี สอนอย่างมีขั้นตอนและต่อเนื่อง ตามเค้าโครงการสอนหรือเนื้อหาวิชาที่รับผิดชอบภายใต้ข้อจำกัดในการเรียนการสอนออนไลน์,2,40,3,60,0,0,0,0,0,0,0,0,4.4,0.55,ส่วนที่ 1 ข้อคำถามกลางของมหาวิทยาลัย,ปริญญาตรี โครงการพิเศษ,2/2562,FGL497,231863,50,5 (10.00%),https://sgulyano.github.io/eval/24363682.html,2562,2,5,2/2562|FGL497|231863,covid
ผู้สอนอธิบายชัดเจน ตรงประเด็น มีการยกตัวอย่างประกอบให้เข้าใจง่าย และมีการใช้สื่อการสอนที่สามารถเชื่อมโยงกับเนื้อหาที่สอนให้ผู้เรียนเกิดการเรียนรู้ได้ดีขึ้น,1,20,2,40,1,20,1,20,0,0,0,0,3.6,1.14,ส่วนที่ 1 ข้อคำถามกลางของมหาวิทยาลัย,ปริญญาตรี โครงการพิเศษ,2/2562,FGL497,231863,50,5 (10.00%),https://sgulyano.github.io/eval/24363682.html,2562,2,5,2/2562|FGL497|231863,covid
ผู้สอนกระตุ้นและส่งเสริมให้นักศึกษาซักถาม คิด วิเคราะห์ วิจารณ์ แสดงความคิดเห็น และส่งเสริมการค้นคว้าด้วยตนเอง พร้อมแนะนำแหล่งความรู้เพิ่มเติม,1,20,3,60,0,0,1,20,0,0,0,0,3.8,1.10,ส่วนที่ 1 ข้อคำถามกลางของมหาวิทยาลัย,ปริญญาตรี โครงการพิเศษ,2/2562,FGL497,231863,50,5 (10.00%),https://sgulyano.github.io/eval/24363682.html,2562,2,5,2/2562|FGL497|231863,covid
ผู้สอนส่งเสริมให้นักศึกษามีคุณธรรม จริยธรรม และปลูกฝังจิตสํานึกให้นักศึกษานําไปประพฤติและปฏิบัติได้อย่างเหมาะสม,1,20,3,60,1,20,0,0,0,0,0,0,4,0.71,ส่วนที่ 1 ข้อคำถามกลางของมหาวิทยาลัย,ปริญญาตรี โครงการพิเศษ,2/2562,FGL497,231863,50,5 (10.00%),https://sgulyano.github.io/eval/24363682.html,2562,2,5,2/2562|FGL497|231863,covid
"ผู้สอนมีการกำหนดวัตถุประสงค์, หัวข้อการสอน, และมีเอกสารอ่านประกอบ",64,30.62,67,32.06,44,21.05,18,8.61,10,4.78,6,2.87,3.77,1.13,ส่วนที่ 1 ข้อคำถามกลางของมหาวิทยาลัย,ปริญญาตรี โครงการปกติ,2/2562,RMW014,556574,511,210 (41.10%),https://sgulyano.github.io/eval/24674969.html,2562,2,210,2/2562|RMW014|556574,covid
ผู้สอนมีการสอน ตามสภาพจริง เหมาะสมภายใต้ข้อจำกัดในสถานการณ์ COVID-19 และสอดคล้องกับมาตรฐานการเรียนรู้ / ตัวชี้วัด,51,24.4,58,27.75,48,22.97,25,11.96,20,9.57,7,3.35,3.47,1.27,ส่วนที่ 1 ข้อคำถามกลางของมหาวิทยาลัย,ปริญญาตรี โครงการปกติ,2/2562,RMW014,556574,511,210 (41.10%),https://sgulyano.github.io/eval/24674969.html,2562,2,210,2/2562|RMW014|556574,covid
ผู้สอนมีการประเมินผล ตามสภาพจริง เหมาะสมภายใต้ข้อจำกัดในสถานการณ์ COVID-19 และสอดคล้องกับมาตรฐานการเรียนรู้ / ตัวชี้วัด,42,20.1,55,26.32,55,26.32,25,11.96,23,11,9,4.31,3.34,1.26,ส่วนที่ 1 ข้อคำถามกลางของมหาวิทยาลัย,ปริญญาตรี โครงการปกติ,2/2562,RMW014,556574,511,210 (41.10%),https://sgulyano.github.io/eval/24674969.html,2562,2,210,2/2562|RMW014|556574,covid
ผู้สอนสร้างช่องทางการติดต่อกับผู้เรียน ในการปรึกษาข้อสงสัยในหัวข้อที่เรียน ทำให้การเรียนเป็นไปตามวัตถุประสงค์,75,35.89,64,30.62,39,18.66,15,7.18,9,4.31,7,3.35,3.9,1.12,ส่วนที่ 1 ข้อคำถามกลางของมหาวิทยาลัย,ปริญญาตรี โครงการปกติ,2/2562,RMW014,556574,511,210 (41.10%),https://sgulyano.github.io/eval/24674969.html,2562,2,210,2/2562|RMW014|556574,covid
ผู้สอนมีการเตรียมการสอนมาอย่างดี สอนอย่างมีขั้นตอนและต่อเนื่อง ตามเค้าโครงการสอนหรือเนื้อหาวิชาที่รับผิดชอบภายใต้ข้อจำกัดในการเรียนการสอนออนไลน์,50,23.92,66,31.58,41,19.62,28,13.4,18,8.61,6,2.87,3.5,1.25,ส่วนที่ 1 ข้อคำถามกลางของมหาวิทยาลัย,ปริญญาตรี โครงการปกติ,2/2562,RMW014,556574,511,210 (41.10%),https://sgulyano.github.io/eval/24674969.html,2562,2,210,2/2562|RMW014|556574,covid
ผู้สอนอธิบายชัดเจน ตรงประเด็น มีการยกตัวอย่างประกอบให้เข้าใจง่าย และมีการใช้สื่อการสอนที่สามารถเชื่อมโยงกับเนื้อหาที่สอนให้ผู้เรียนเกิดการเรียนรู้ได้ดีขึ้น,33,15.79,51,24.4,58,27.75,31,14.83,22,10.53,14,6.7,3.22,1.23,ส่วนที่ 1 ข้อคำถามกลางของมหาวิทยาลัย,ปริญญาตรี โครงการปกติ,2/2562,RMW014,556574,511,210 (41.10%),https://sgulyano.github.io/eval/24674969.html,2562,2,210,2/2562|RMW014|556574,covid
ผู้สอนกระตุ้นและส่งเสริมให้นักศึกษาซักถาม คิด วิเคราะห์ วิจารณ์ แสดงความคิดเห็น และส่งเสริมการค้นคว้าด้วยตนเอง พร้อมแนะนำแหล่งความรู้เพิ่มเติม,40,19.14,61,29.19,49,23.44,31,14.83,17,8.13,11,5.26,3.38,1.22,ส่วนที่ 1 ข้อคำถามกลางของมหาวิทยาลัย,ปริญญาตรี โครงการปกติ,2/2562,RMW014,556574,511,210 (41.10%),https://sgulyano.github.io/eval/24674969.html,2562,2,210,2/2562|RMW014|556574,covid
ผู้สอนส่งเสริมให้นักศึกษามีคุณธรรม จริยธรรม และปลูกฝังจิตสํานึกให้นักศึกษานําไปประพฤติและปฏิบัติได้อย่างเหมาะสม,52,24.88,57,27.27,59,28.23,16,7.66,15,7.18,10,4.78,3.58,1.18,ส่วนที่ 1 ข้อคำถามกลางของมหาวิทยาลัย,ปริญญาตรี โครงการปกติ,2/2562,RMW014,556574,511,210 (41.10%),https://sgulyano.github.io/eval/24674969.html,2562,2,210,2/2562|RMW014|556574,covid
"ผู้สอนมีการกำหนดวัตถุประสงค์, หัวข้อการสอน, และมีเอกสารอ่านประกอบ",12,85.71,2,14.29,0,0,0,0,0,0,0,0,4.86,0.36,ส่วนที่ 1 ข้อคำถามกลางของมหาวิทยาลัย,ปริญญาตรี โครงการพิเศษ,1/2564,NYE553,231863,46,15 (32.61%),https://sgulyano.github.io/eval/26742703.html,2564,1,15,1/2564|NYE553|231863,covid
ผู้สอนมีการสอน ตามสภาพจริง เหมาะสมภายใต้ข้อจำกัดในสถานการณ์ COVID-19 และสอดคล้องกับมาตรฐานการเรียนรู้ / ตัวชี้วัด,11,78.57,3,21.43,0,0,0,0,0,0,0,0,4.79,0.43,ส่วนที่ 1 ข้อคำถามกลางของมหาวิทยาลัย,ปริญญาตรี โครงการพิเศษ,1/2564,NYE553,231863,46,15 (32.61%),https://sgulyano.github.io/eval/26742703.html,2564,1,15,1/2564|NYE553|231863,covid
ผู้สอนมีการประเมินผล ตามสภาพจริง เหมาะสมภายใต้ข้อจำกัดในสถานการณ์ COVID-19 และสอดคล้องกับมาตรฐานการเรียนรู้ / ตัวชี้วัด,10,71.43,4,28.57,0,0,0,0,0,0,0,0,4.71,0.47,ส่วนที่ 1 ข้อคำถามกลางของมหาวิทยาลัย,ปริญญาตรี โครงการพิเศษ,1/2564,NYE553,231863,46,15 (32.61%),https://sgulyano.github.io/eval/26742703.html,2564,1,15,1/2564|NYE553|231863,covid
ผู้สอนสร้างช่องทางการติดต่อกับผู้เรียน ในการปรึกษาข้อสงสัยในหัวข้อที่เรียน ทำให้การเรียนเป็นไปตามวัตถุประสงค์,11,78.57,3,21.43,0,0,0,0,0,0,0,0,4.79,0.43,ส่วนที่ 1 ข้อคำถามกลางของมหาวิทยาลัย,ปริญญาตรี โครงการพิเศษ,1/2564,NYE553,231863,46,15 (32.61%),https://sgulyano.github.io/eval/26742703.html,2564,1,15,1/2564|NYE553|231863,covid
ผู้สอนมีการเตรียมการสอนมาอย่างดี สอนอย่างมีขั้นตอนและต่อเนื่อง ตามเค้าโครงการสอนหรือเนื้อหาวิชาที่รับผิดชอบภายใต้ข้อจำกัดในการเรียนการสอนออนไลน์,13,92.86,1,7.14,0,0,0,0,0,0,0,0,4.93,0.27,ส่วนที่ 1 ข้อคำถามกลางของมหาวิทยาลัย,ปริญญาตรี โครงการพิเศษ,1/2564,NYE553,231863,46,15 (32.61%),https://sgulyano.github.io/eval/26742703.html,2564,1,15,1/2564|NYE553|231863,covid
ผู้สอนอธิบายชัดเจน ตรงประเด็น มีการยกตัวอย่างประกอบให้เข้าใจง่าย และมีการใช้สื่อการสอนที่สามารถเชื่อมโยงกับเนื้อหาที่สอนให้ผู้เรียนเกิดการเรียนรู้ได้ดีขึ้น,10,71.43,4,28.57,0,0,0,0,0,0,0,0,4.71,0.47,ส่วนที่ 1 ข้อคำถามกลางของมหาวิทยาลัย,ปริญญาตรี โครงการพิเศษ,1/2564,NYE553,231863,46,15 (32.61%),https://sgulyano.github.io/eval/26742703.html,2564,1,15,1/2564|NYE553|231863,covid
ผู้สอนกระตุ้นและส่งเสริมให้นักศึกษาซักถาม คิด วิเคราะห์ วิจารณ์ แสดงความคิดเห็น และส่งเสริมการค้นคว้าด้วยตนเอง พร้อมแนะนำแหล่งความรู้เพิ่มเติม,10,71.43,4,28.57,0,0,0,0,0,0,0,0,4.71,0.47,ส่วนที่ 1 ข้อคำถามกลางของมหาวิทยาลัย,ปริญญาตรี โครงการพิเศษ,1/2564,NYE553,231863,46,15 (32.61%),https://sgulyano.github.io/eval/26742703.html,2564,1,15,1/2564|NYE553|231863,covid
ผู้สอนส่งเสริมให้นักศึกษามีคุณธรรม จริยธรรม และปลูกฝังจิตสํานึกให้นักศึกษานําไปประพฤติและปฏิบัติได้อย่างเหมาะสม,12,85.71,1,7.14,0,0,1,7.14,0,0,0,0,4.71,0.83,ส่วนที่ 1 ข้อคำถามกลางของมหาวิทยาลัย,ปริญญาตรี โครงการพิเศษ,1/2564,NYE553,231863,46,15 (32.61%),https://sgulyano.github.io/eval/26742703.html,2564,1,15,1/2564|NYE553|231863,covid
สอนอย่างเป็นระบบ,41,43.62,33,35.11,14,14.89,5,5.32,1,1.06,0,0,4.15,0.94,ส่วนที่ 1 ข้อคำถามกลางของมหาวิทยาลัย,ปริญญาตรี โครงการปกติ,1/2562,RMW014,556574,501,94 (18.76%),https://sgulyano.github.io/eval/33472214.html,2562,1,94,1/2562|RMW014|556574,normal
สอนให้คิด วิเคราะห์ วิจารณ์,30,31.91,35,37.23,22,23.4,6,6.38,1,1.06,0,0,3.93,0.95,ส่วนที่ 1 ข้อคำถามกลางของมหาวิทยาลัย,ปริญญาตรี โครงการปกติ,1/2562,RMW014,556574,501,94 (18.76%),https://sgulyano.github.io/eval/33472214.html,2562,1,94,1/2562|RMW014|556574,normal
กระตุ้นบรรยากาศการเรียนการสอน  มีวิธีสอนที่น่าสนใจและน่าติดตาม,29,30.85,26,27.66,22,23.4,11,11.7,5,5.32,1,1.06,3.68,1.19,ส่วนที่ 1 ข้อคำถามกลางของมหาวิทยาลัย,ปริญญาตรี โครงการปกติ,1/2562,RMW014,556574,501,94 (18.76%),https://sgulyano.github.io/eval/33472214.html,2562,1,94,1/2562|RMW014|556574,normal
เปิดโอกาสให้แสดงความคิดเห็นและแลกเปลี่ยนประสบการณ์ ทั้งภายในและภายนอกห้องเรียน,34,36.17,31,32.98,20,21.28,8,8.51,1,1.06,0,0,3.95,1.01,ส่วนที่ 1 ข้อคำถามกลางของมหาวิทยาลัย,ปริญญาตรี โครงการปกติ,1/2562,RMW014,556574,501,94 (18.76%),https://sgulyano.github.io/eval/33472214.html,2562,1,94,1/2562|RMW014|556574,normal
มีการให้นำเสนองาน/มีการวัดผลโดยวิธีอื่นๆที่สะท้อนความสามารถของผู้เรียนนอกเหนือจากการตอบข้อสอบ,41,43.62,35,37.23,13,13.83,4,4.26,1,1.06,0,0,4.18,0.90,ส่วนที่ 1 ข้อคำถามกลางของมหาวิทยาลัย,ปริญญาตรี โครงการปกติ,1/2562,RMW014,556574,501,94 (18.76%),https://sgulyano.github.io/eval/33472214.html,2562,1,94,1/2562|RMW014|556574,normal
ทำให้เห็นความสัมพันธ์กับวิชาอื่นที่เกี่ยวข้อง,29,30.85,34,36.17,18,19.15,8,8.51,5,5.32,0,0,3.79,1.13,ส่วนที่ 1 ข้อคำถามกลางของมหาวิทยาลัย,ปริญญาตรี โครงการปกติ,1/2562,RMW014,556574,501,94 (18.76%),https://sgulyano.github.io/eval/33472214.html,2562,1,94,1/2562|RMW014|556574,normal
ใช้สื่อและอุปกรณ์ช่วยสอนได้ดี,49,52.13,31,32.98,10,10.64,3,3.19,0,0,1,1.06,4.35,0.80,ส่วนที่ 1 ข้อคำถามกลางของมหาวิทยาลัย,ปริญญาตรี โครงการปกติ,1/2562,RMW014,556574,501,94 (18.76%),https://sgulyano.github.io/eval/33472214.html,2562,1,94,1/2562|RMW014|556574,normal
แนะนำแหล่งค้นคว้าข้อมูลเพิ่มเติมให้,34,36.17,30,31.91,19,20.21,7,7.45,3,3.19,1,1.06,3.91,1.08,ส่วนที่ 1 ข้อคำถามกลางของมหาวิทยาลัย,ปริญญาตรี โครงการปกติ,1/2562,RMW014,556574,501,94 (18.76%),https://sgulyano.github.io/eval/33472214.html,2562,1,94,1/2562|RMW014|556574,normal
โสตทัศนูปกรณ์ช่วยสอนในห้องเรียน เช่น ไมโครโฟน เครื่องฉายแผ่นทึบ มีคุณภาพพร้อมใช้งาน,48,51.06,33,35.11,7,7.45,5,5.32,1,1.06,0,0,4.3,0.90,ส่วนที่ 3 สภาพแวดล้อมและสิ่งสนับสนุนการเรียนรู้,ปริญญาตรี โครงการปกติ,1/2562,RMW014,556574,501,94 (18.76%),https://sgulyano.github.io/eval/33472214.html,2562,1,94,1/2562|RMW014|556574,normal
สภาพของห้องเรียนหรือห้องปฏิบัติการ เช่น แสง อุณหภูมิ โต๊ะ เก้าอี้ จุดเชื่อมต่ออินเตอร์เน็ตไร้สายบริการ ฯลฯ มีความเหมาะสมและคุณภาพพร้อมใช้งาน,41,43.62,27,28.72,17,18.09,7,7.45,2,2.13,0,0,4.04,1.06,ส่วนที่ 3 สภาพแวดล้อมและสิ่งสนับสนุนการเรียนรู้,ปริญญาตรี โครงการปกติ,1/2562,RMW014,556574,501,94 (18.76%),https://sgulyano.github.io/eval/33472214.html,2562,1,94,1/2562|RMW014|556574,normal
จำนวนอุปกรณ์ในการเรียนการสอนเพียงพอ และเหมาะสมต่อจำนวนผู้เรียน เช่น คอมพิวเตอร์ เครื่องดนตรี ฯลฯ,42,44.68,36,38.3,14,14.89,2,2.13,0,0,0,0,4.26,0.79,ส่วนที่ 3 สภาพแวดล้อมและสิ่งสนับสนุนการเรียนรู้,ปริญญาตรี โครงการปกติ,1/2562,RMW014,556574,501,94 (18.76%),https://sgulyano.github.io/eval/33472214.html,2562,1,94,1/2562|RMW014|556574,normal
เจ้าหน้าที่อำนวยความสะดวกในการให้บริการในการเรียนวิชานี้,55,58.51,22,23.4,11,11.7,5,5.32,0,0,1,1.06,4.37,0.89,ส่วนที่ 3 สภาพแวดล้อมและสิ่งสนับสนุนการเรียนรู้,ปริญญาตรี โครงการปกติ,1/2562,RMW014,556574,501,94 (18.76%),https://sgulyano.github.io/eval/33472214.html,2562,1,94,1/2562|RMW014|556574,normal
"ผู้สอนมีการกำหนดวัตถุประสงค์, หัวข้อการสอน, และมีเอกสารอ่านประกอบ",29,87.88,4,12.12,0,0,0,0,0,0,0,0,4.88,0.33,ส่วนที่ 1 ข้อคำถามกลางของมหาวิทยาลัย,ปริญญาตรี โครงการพิเศษ,2/2564,AZW892,231863,46,33 (71.74%),https://sgulyano.github.io/eval/33561138.html,2564,2,33,2/2564|AZW892|231863,covid
ผู้สอนมีการสอน ตามสภาพจริง เหมาะสมภายใต้ข้อจำกัดในสถานการณ์ COVID-19 และสอดคล้องกับมาตรฐานการเรียนรู้ / ตัวชี้วัด,26,78.79,7,21.21,0,0,0,0,0,0,0,0,4.79,0.42,ส่วนที่ 1 ข้อคำถามกลางของมหาวิทยาลัย,ปริญญาตรี โครงการพิเศษ,2/2564,AZW892,231863,46,33 (71.74%),https://sgulyano.github.io/eval/33561138.html,2564,2,33,2/2564|AZW892|231863,covid
ผู้สอนมีการประเมินผล ตามสภาพจริง เหมาะสมภายใต้ข้อจำกัดในสถานการณ์ COVID-19 และสอดคล้องกับมาตรฐานการเรียนรู้ / ตัวชี้วัด,25,75.76,8,24.24,0,0,0,0,0,0,0,0,4.76,0.44,ส่วนที่ 1 ข้อคำถามกลางของมหาวิทยาลัย,ปริญญาตรี โครงการพิเศษ,2/2564,AZW892,231863,46,33 (71.74%),https://sgulyano.github.io/eval/33561138.html,2564,2,33,2/2564|AZW892|231863,covid
ผู้สอนสร้างช่องทางการติดต่อกับผู้เรียน ในการปรึกษาข้อสงสัยในหัวข้อที่เรียน ทำให้การเรียนเป็นไปตามวัตถุประสงค์,23,69.7,9,27.27,1,3.03,0,0,0,0,0,0,4.67,0.54,ส่วนที่ 1 ข้อคำถามกลางของมหาวิทยาลัย,ปริญญาตรี โครงการพิเศษ,2/2564,AZW892,231863,46,33 (71.74%),https://sgulyano.github.io/eval/33561138.html,2564,2,33,2/2564|AZW892|231863,covid
ผู้สอนมีการเตรียมการสอนมาอย่างดี สอนอย่างมีขั้นตอนและต่อเนื่อง ตามเค้าโครงการสอนหรือเนื้อหาวิชาที่รับผิดชอบภายใต้ข้อจำกัดในการเรียนการสอนออนไลน์,28,84.85,4,12.12,1,3.03,0,0,0,0,0,0,4.82,0.46,ส่วนที่ 1 ข้อคำถามกลางของมหาวิทยาลัย,ปริญญาตรี โครงการพิเศษ,2/2564,AZW892,231863,46,33 (71.74%),https://sgulyano.github.io/eval/33561138.html,2564,2,33,2/2564|AZW892|231863,covid
ผู้สอนอธิบายชัดเจน ตรงประเด็น มีการยกตัวอย่างประกอบให้เข้าใจง่าย และมีการใช้สื่อการสอนที่สามารถเชื่อมโยงกับเนื้อหาที่สอนให้ผู้เรียนเกิดการเรียนรู้ได้ดีขึ้น,23,69.7,7,21.21,3,9.09,0,0,0,0,0,0,4.61,0.66,ส่วนที่ 1 ข้อคำถามกลางของมหาวิทยาลัย,ปริญญาตรี โครงการพิเศษ,2/2564,AZW892,231863,46,33 (71.74%),https://sgulyano.github.io/eval/33561138.html,2564,2,33,2/2564|AZW892|231863,covid
ผู้สอนกระตุ้นและส่งเสริมให้นักศึกษาซักถาม คิด วิเคราะห์ วิจารณ์ แสดงความคิดเห็น และส่งเสริมการค้นคว้าด้วยตนเอง พร้อมแนะนำแหล่งความรู้เพิ่มเติม,18,54.55,13,39.39,1,3.03,1,3.03,0,0,0,0,4.45,0.71,ส่วนที่ 1 ข้อคำถามกลางของมหาวิทยาลัย,ปริญญาตรี โครงการพิเศษ,2/2564,AZW892,231863,46,33 (71.74%),https://sgulyano.github.io/eval/33561138.html,2564,2,33,2/2564|AZW892|231863,covid
ผู้สอนส่งเสริมให้นักศึกษามีคุณธรรม จริยธรรม และปลูกฝังจิตสํานึกให้นักศึกษานําไปประพฤติและปฏิบัติได้อย่างเหมาะสม,23,69.7,9,27.27,1,3.03,0,0,0,0,0,0,4.67,0.54,ส่วนที่ 1 ข้อคำถามกลางของมหาวิทยาลัย,ปริญญาตรี โครงการพิเศษ,2/2564,AZW892,231863,46,33 (71.74%),https://sgulyano.github.io/eval/33561138.html,2564,2,33,2/2564|AZW892|231863,covid
"ผู้สอนมีการกำหนดวัตถุประสงค์, หัวข้อการสอน, และมีเอกสารอ่านประกอบ",26,76.47,7,20.59,1,2.94,0,0,0,0,0,0,4.74,0.51,ส่วนที่ 1 ข้อคำถามกลางของมหาวิทยาลัย,ปริญญาตรี โครงการพิเศษ,1/2564,NVI781,231863,64,35 (54.69%),https://sgulyano.github.io/eval/33565025.html,2564,1,35,1/2564|NVI781|231863,covid
ผู้สอนมีการสอน ตามสภาพจริง เหมาะสมภายใต้ข้อจำกัดในสถานการณ์ COVID-19 และสอดคล้องกับมาตรฐานการเรียนรู้ / ตัวชี้วัด,25,73.53,7,20.59,2,5.88,0,0,0,0,0,0,4.68,0.59,ส่วนที่ 1 ข้อคำถามกลางของมหาวิทยาลัย,ปริญญาตรี โครงการพิเศษ,1/2564,NVI781,231863,64,35 (54.69%),https://sgulyano.github.io/eval/33565025.html,2564,1,35,1/2564|NVI781|231863,covid
ผู้สอนมีการประเมินผล ตามสภาพจริง เหมาะสมภายใต้ข้อจำกัดในสถานการณ์ COVID-19 และสอดคล้องกับมาตรฐานการเรียนรู้ / ตัวชี้วัด,26,76.47,6,17.65,2,5.88,0,0,0,0,0,0,4.71,0.58,ส่วนที่ 1 ข้อคำถามกลางของมหาวิทยาลัย,ปริญญาตรี โครงการพิเศษ,1/2564,NVI781,231863,64,35 (54.69%),https://sgulyano.github.io/eval/33565025.html,2564,1,35,1/2564|NVI781|231863,covid
ผู้สอนสร้างช่องทางการติดต่อกับผู้เรียน ในการปรึกษาข้อสงสัยในหัวข้อที่เรียน ทำให้การเรียนเป็นไปตามวัตถุประสงค์,26,76.47,6,17.65,2,5.88,0,0,0,0,0,0,4.71,0.58,ส่วนที่ 1 ข้อคำถามกลางของมหาวิทยาลัย,ปริญญาตรี โครงการพิเศษ,1/2564,NVI781,231863,64,35 (54.69%),https://sgulyano.github.io/eval/33565025.html,2564,1,35,1/2564|NVI781|231863,covid
ผู้สอนมีการเตรียมการสอนมาอย่างดี สอนอย่างมีขั้นตอนและต่อเนื่อง ตามเค้าโครงการสอนหรือเนื้อหาวิชาที่รับผิดชอบภายใต้ข้อจำกัดในการเรียนการสอนออนไลน์,25,73.53,6,17.65,3,8.82,0,0,0,0,0,0,4.65,0.65,ส่วนที่ 1 ข้อคำถามกลางของมหาวิทยาลัย,ปริญญาตรี โครงการพิเศษ,1/2564,NVI781,231863,64,35 (54.69%),https://sgulyano.github.io/eval/33565025.html,2564,1,35,1/2564|NVI781|231863,covid
ผู้สอนอธิบายชัดเจน ตรงประเด็น มีการยกตัวอย่างประกอบให้เข้าใจง่าย และมีการใช้สื่อการสอนที่สามารถเชื่อมโยงกับเนื้อหาที่สอนให้ผู้เรียนเกิดการเรียนรู้ได้ดีขึ้น,23,67.65,10,29.41,1,2.94,0,0,0,0,0,0,4.65,0.54,ส่วนที่ 1 ข้อคำถามกลางของมหาวิทยาลัย,ปริญญาตรี โครงการพิเศษ,1/2564,NVI781,231863,64,35 (54.69%),https://sgulyano.github.io/eval/33565025.html,2564,1,35,1/2564|NVI781|231863,covid
ผู้สอนกระตุ้นและส่งเสริมให้นักศึกษาซักถาม คิด วิเคราะห์ วิจารณ์ แสดงความคิดเห็น และส่งเสริมการค้นคว้าด้วยตนเอง พร้อมแนะนำแหล่งความรู้เพิ่มเติม,21,61.76,10,29.41,3,8.82,0,0,0,0,0,0,4.53,0.66,ส่วนที่ 1 ข้อคำถามกลางของมหาวิทยาลัย,ปริญญาตรี โครงการพิเศษ,1/2564,NVI781,231863,64,35 (54.69%),https://sgulyano.github.io/eval/33565025.html,2564,1,35,1/2564|NVI781|231863,covid
ผู้สอนส่งเสริมให้นักศึกษามีคุณธรรม จริยธรรม และปลูกฝังจิตสํานึกให้นักศึกษานําไปประพฤติและปฏิบัติได้อย่างเหมาะสม,22,64.71,11,32.35,1,2.94,0,0,0,0,0,0,4.62,0.55,ส่วนที่ 1 ข้อคำถามกลางของมหาวิทยาลัย,ปริญญาตรี โครงการพิเศษ,1/2564,NVI781,231863,64,35 (54.69%),https://sgulyano.github.io/eval/33565025.html,2564,1,35,1/2564|NVI781|231863,covid
สอนอย่างเป็นระบบ,2,28.57,2,28.57,2,28.57,1,14.29,0,0,0,0,3.71,1.11,ส่วนที่ 1 ข้อคำถามกลางของมหาวิทยาลัย,ปริญญาตรี โครงการพิเศษ,2/2561,YRY790,231863,44,7 (15.91%),https://sgulyano.github.io/eval/41557226.html,2561,2,7,2/2561|YRY790|231863,normal
สอนให้คิด วิเคราะห์ วิจารณ์,1,14.29,4,57.14,1,14.29,1,14.29,0,0,0,0,3.71,0.95,ส่วนที่ 1 ข้อคำถามกลางของมหาวิทยาลัย,ปริญญาตรี โครงการพิเศษ,2/2561,YRY790,231863,44,7 (15.91%),https://sgulyano.github.io/eval/41557226.html,2561,2,7,2/2561|YRY790|231863,normal
กระตุ้นบรรยากาศการเรียนการสอน มีวิธีสอนที่น่าสนใจและน่าติดตาม,1,14.29,2,28.57,1,14.29,3,42.86,0,0,0,0,3.14,1.21,ส่วนที่ 1 ข้อคำถามกลางของมหาวิทยาลัย,ปริญญาตรี โครงการพิเศษ,2/2561,YRY790,231863,44,7 (15.91%),https://sgulyano.github.io/eval/41557226.html,2561,2,7,2/2561|YRY790|231863,normal
เปิดโอกาสให้แสดงความคิดเห็นและแลกเปลี่ยนประสบการณ์ ทั้งภายในและภายนอกห้องเรียน,2,28.57,4,57.14,0,0,1,14.29,0,0,0,0,4,1.00,ส่วนที่ 1 ข้อคำถามกลางของมหาวิทยาลัย,ปริญญาตรี โครงการพิเศษ,2/2561,YRY790,231863,44,7 (15.91%),https://sgulyano.github.io/eval/41557226.html,2561,2,7,2/2561|YRY790|231863,normal
มีการให้นำเสนองาน/มีการวัดผลโดยวิธีอื่นๆที่สะท้อนความสามารถของผู้เรียนนอกเหนือจากการตอบข้อสอบ,1,14.29,3,42.86,2,28.57,1,14.29,0,0,0,0,3.57,0.98,ส่วนที่ 1 ข้อคำถามกลางของมหาวิทยาลัย,ปริญญาตรี โครงการพิเศษ,2/2561,YRY790,231863,44,7 (15.91%),https://sgulyano.github.io/eval/41557226.html,2561,2,7,2/2561|YRY790|231863,normal
ทำให้เห็นความสัมพันธ์กับวิชาอื่นที่เกี่ยวข้อง,2,28.57,3,42.86,1,14.29,1,14.29,0,0,0,0,3.86,1.07,ส่วนที่ 1 ข้อคำถามกลางของมหาวิทยาลัย,ปริญญาตรี โครงการพิเศษ,2/2561,YRY790,231863,44,7 (15.91%),https://sgulyano.github.io/eval/41557226.html,2561,2,7,2/2561|YRY790|231863,normal
ใช้สื่อและอุปกรณ์ช่วยสอนได้ดี,2,28.57,3,42.86,2,28.57,0,0,0,0,0,0,4,0.82,ส่วนที่ 1 ข้อคำถามกลางของมหาวิทยาลัย,ปริญญาตรี โครงการพิเศษ,2/2561,YRY790,231863,44,7 (15.91%),https://sgulyano.github.io/eval/41557226.html,2561,2,7,2/2561|YRY790|231863,normal
แนะนำแหล่งค้นคว้าข้อมูลเพิ่มเติมให้,2,28.57,5,71.43,0,0,0,0,0,0,0,0,4.29,0.49,ส่วนที่ 1 ข้อคำถามกลางของมหาวิทยาลัย,ปริญญาตรี โครงการพิเศษ,2/2561,YRY790,231863,44,7 (15.91%),https://sgulyano.github.io/eval/41557226.html,2561,2,7,2/2561|YRY790|231863,normal
ผู้สอนแจ้งวัตถุประสงค์และเนื้อหารายวิชาตามเค้าโครงการสอนรายวิชาอย่างชัดเจน,3,42.86,4,57.14,0,0,0,0,0,0,0,0,4.43,0.53,ส่วนที่ 2 ข้อคำถามของคณะ/หน่วยงาน,ปริญญาตรี โครงการพิเศษ,2/2561,YRY790,231863,44,7 (15.91%),https://sgulyano.github.io/eval/41557226.html,2561,2,7,2/2561|YRY790|231863,normal
ผู้สอนแจ้งเกณฑ์และวิธีประเมินผลล่วงหน้าชัดเจน,5,71.43,2,28.57,0,0,0,0,0,0,0,0,4.71,0.49,ส่วนที่ 2 ข้อคำถามของคณะ/หน่วยงาน,ปริญญาตรี โครงการพิเศษ,2/2561,YRY790,231863,44,7 (15.91%),https://sgulyano.github.io/eval/41557226.html,2561,2,7,2/2561|YRY790|231863,normal
ผู้สอนเข้าสอนและเลิกสอนตรงเวลา,6,85.71,1,14.29,0,0,0,0,0,0,0,0,4.86,0.38,ส่วนที่ 2 ข้อคำถามของคณะ/หน่วยงาน,ปริญญาตรี โครงการพิเศษ,2/2561,YRY790,231863,44,7 (15.91%),https://sgulyano.github.io/eval/41557226.html,2561,2,7,2/2561|YRY790|231863,normal
ผู้สอนมาสอนสม่ำเสมอ,5,71.43,2,28.57,0,0,0,0,0,0,0,0,4.71,0.49,ส่วนที่ 2 ข้อคำถามของคณะ/หน่วยงาน,ปริญญาตรี โครงการพิเศษ,2/2561,YRY790,231863,44,7 (15.91%),https://sgulyano.github.io/eval/41557226.html,2561,2,7,2/2561|YRY790|231863,normal
ผู้สอนสอนเนื้อหาครบถ้วน และสอดคล้องตามเค้าโครงการสอนรายวิชา,2,28.57,4,57.14,1,14.29,0,0,0,0,0,0,4.14,0.69,ส่วนที่ 2 ข้อคำถามของคณะ/หน่วยงาน,ปริญญาตรี โครงการพิเศษ,2/2561,YRY790,231863,44,7 (15.91%),https://sgulyano.github.io/eval/41557226.html,2561,2,7,2/2561|YRY790|231863,normal
ผู้สอนมีการเตรียมการสอนมาอย่างดี,3,42.86,3,42.86,1,14.29,0,0,0,0,0,0,4.29,0.76,ส่วนที่ 2 ข้อคำถามของคณะ/หน่วยงาน,ปริญญาตรี โครงการพิเศษ,2/2561,YRY790,231863,44,7 (15.91%),https://sgulyano.github.io/eval/41557226.html,2561,2,7,2/2561|YRY790|231863,normal
ผู้สอนชี้แนะจุดมุ่งหมายประเด็นหรือข้อสรุปที่เป็นเนื้อหาสาระสำคัญ,2,28.57,3,42.86,2,28.57,0,0,0,0,0,0,4,0.82,ส่วนที่ 2 ข้อคำถามของคณะ/หน่วยงาน,ปริญญาตรี โครงการพิเศษ,2/2561,YRY790,231863,44,7 (15.91%),https://sgulyano.github.io/eval/41557226.html,2561,2,7,2/2561|YRY790|231863,normal
ผู้สอนแทรกเนื้อหาเกี่ยวกับคุณธรรมจริยธรรมในการเรียนการสอน,2,28.57,4,57.14,0,0,1,14.29,0,0,0,0,4,1.00,ส่วนที่ 2 ข้อคำถามของคณะ/หน่วยงาน,ปริญญาตรี โครงการพิเศษ,2/2561,YRY790,231863,44,7 (15.91%),https://sgulyano.github.io/eval/41557226.html,2561,2,7,2/2561|YRY790|231863,normal
โสตทัศนูปกรณ์ช่วยสอนในห้องเรียน เช่น ไมโครโฟน เครื่องฉายแผ่นทึบ มีคุณภาพพร้อมใช้งาน,3,42.86,2,28.57,1,14.29,1,14.29,0,0,0,0,4,1.15,ส่วนที่ 3 สภาพแวดล้อมและสิ่งสนับสนุนการเรียนรู้,ปริญญาตรี โครงการพิเศษ,2/2561,YRY790,231863,44,7 (15.91%),https://sgulyano.github.io/eval/41557226.html,2561,2,7,2/2561|YRY790|231863,normal
สภาพของห้องเรียนหรือห้องปฏิบัติการ เช่น แสง อุณหภูมิ โต๊ะ เก้าอี้ จุดเชื่อมต่ออินเตอร์เน็ตไร้สายบริการ ฯลฯ มีความเหมาะสมและคุณภาพพร้อมใช้งาน,2,28.57,1,14.29,2,28.57,2,28.57,0,0,0,0,3.43,1.27,ส่วนที่ 3 สภาพแวดล้อมและสิ่งสนับสนุนการเรียนรู้,ปริญญาตรี โครงการพิเศษ,2/2561,YRY790,231863,44,7 (15.91%),https://sgulyano.github.io/eval/41557226.html,2561,2,7,2/2561|YRY790|231863,normal
จำนวนอุปกรณ์ในการเรียนการสอนเพียงพอ และเหมาะสมต่อจำนวนผู้เรียน เช่น คอมพิวเตอร์ เครื่องดนตรี ฯลฯ,2,28.57,3,42.86,1,14.29,1,14.29,0,0,0,0,3.86,1.07,ส่วนที่ 3 สภาพแวดล้อมและสิ่งสนับสนุนการเรียนรู้,ปริญญาตรี โครงการพิเศษ,2/2561,YRY790,231863,44,7 (15.91%),https://sgulyano.github.io/eval/41557226.html,2561,2,7,2/2561|YRY790|231863,normal
เจ้าหน้าที่อำนวยความสะดวกในการให้บริการในการเรียนวิชานี้,3,42.86,2,28.57,2,28.57,0,0,0,0,0,0,4.14,0.90,ส่วนที่ 3 สภาพแวดล้อมและสิ่งสนับสนุนการเรียนรู้,ปริญญาตรี โครงการพิเศษ,2/2561,YRY790,231863,44,7 (15.91%),https://sgulyano.github.io/eval/41557226.html,2561,2,7,2/2561|YRY790|231863,normal
"ผู้สอนมีการกำหนดวัตถุประสงค์, หัวข้อการสอน, และมีเอกสารอ่านประกอบ",6,75,2,25,0,0,0,0,0,0,0,0,4.75,0.46,ส่วนที่ 1 ข้อคำถามกลางของมหาวิทยาลัย,ปริญญาตรี โครงการพิเศษ,2/2563,NVI781,231863,46,8 (17.39%),https://sgulyano.github.io/eval/43951333.html,2563,2,8,2/2563|NVI781|231863,covid
ผู้สอนมีการสอน ตามสภาพจริง เหมาะสมภายใต้ข้อจำกัดในสถานการณ์ COVID-19 และสอดคล้องกับมาตรฐานการเรียนรู้ / ตัวชี้วัด,6,75,2,25,0,0,0,0,0,0,0,0,4.75,0.46,ส่วนที่ 1 ข้อคำถามกลางของมหาวิทยาลัย,ปริญญาตรี โครงการพิเศษ,2/2563,NVI781,231863,46,8 (17.39%),https://sgulyano.github.io/eval/43951333.html,2563,2,8,2/2563|NVI781|231863,covid
ผู้สอนมีการประเมินผล ตามสภาพจริง เหมาะสมภายใต้ข้อจำกัดในสถานการณ์ COVID-19 และสอดคล้องกับมาตรฐานการเรียนรู้ / ตัวชี้วัด,6,75,2,25,0,0,0,0,0,0,0,0,4.75,0.46,ส่วนที่ 1 ข้อคำถามกลางของมหาวิทยาลัย,ปริญญาตรี โครงการพิเศษ,2/2563,NVI781,231863,46,8 (17.39%),https://sgulyano.github.io/eval/43951333.html,2563,2,8,2/2563|NVI781|231863,covid
ผู้สอนสร้างช่องทางการติดต่อกับผู้เรียน ในการปรึกษาข้อสงสัยในหัวข้อที่เรียน ทำให้การเรียนเป็นไปตามวัตถุประสงค์,3,37.5,5,62.5,0,0,0,0,0,0,0,0,4.38,0.52,ส่วนที่ 1 ข้อคำถามกลางของมหาวิทยาลัย,ปริญญาตรี โครงการพิเศษ,2/2563,NVI781,231863,46,8 (17.39%),https://sgulyano.github.io/eval/43951333.html,2563,2,8,2/2563|NVI781|231863,covid
ผู้สอนมีการเตรียมการสอนมาอย่างดี สอนอย่างมีขั้นตอนและต่อเนื่อง ตามเค้าโครงการสอนหรือเนื้อหาวิชาที่รับผิดชอบภายใต้ข้อจำกัดในการเรียนการสอนออนไลน์,4,50,3,37.5,1,12.5,0,0,0,0,0,0,4.38,0.74,ส่วนที่ 1 ข้อคำถามกลางของมหาวิทยาลัย,ปริญญาตรี โครงการพิเศษ,2/2563,NVI781,231863,46,8 (17.39%),https://sgulyano.github.io/eval/43951333.html,2563,2,8,2/2563|NVI781|231863,covid
ผู้สอนอธิบายชัดเจน ตรงประเด็น มีการยกตัวอย่างประกอบให้เข้าใจง่าย และมีการใช้สื่อการสอนที่สามารถเชื่อมโยงกับเนื้อหาที่สอนให้ผู้เรียนเกิดการเรียนรู้ได้ดีขึ้น,4,50,2,25,2,25,0,0,0,0,0,0,4.25,0.89,ส่วนที่ 1 ข้อคำถามกลางของมหาวิทยาลัย,ปริญญาตรี โครงการพิเศษ,2/2563,NVI781,231863,46,8 (17.39%),https://sgulyano.github.io/eval/43951333.html,2563,2,8,2/2563|NVI781|231863,covid
ผู้สอนกระตุ้นและส่งเสริมให้นักศึกษาซักถาม คิด วิเคราะห์ วิจารณ์ แสดงความคิดเห็น และส่งเสริมการค้นคว้าด้วยตนเอง พร้อมแนะนำแหล่งความรู้เพิ่มเติม,3,37.5,4,50,1,12.5,0,0,0,0,0,0,4.25,0.71,ส่วนที่ 1 ข้อคำถามกลางของมหาวิทยาลัย,ปริญญาตรี โครงการพิเศษ,2/2563,NVI781,231863,46,8 (17.39%),https://sgulyano.github.io/eval/43951333.html,2563,2,8,2/2563|NVI781|231863,covid
ผู้สอนส่งเสริมให้นักศึกษามีคุณธรรม จริยธรรม และปลูกฝังจิตสํานึกให้นักศึกษานําไปประพฤติและปฏิบัติได้อย่างเหมาะสม,6,75,1,12.5,1,12.5,0,0,0,0,0,0,4.63,0.74,ส่วนที่ 1 ข้อคำถามกลางของมหาวิทยาลัย,ปริญญาตรี โครงการพิเศษ,2/2563,NVI781,231863,46,8 (17.39%),https://sgulyano.github.io/eval/43951333.html,2563,2,8,2/2563|NVI781|231863,covid
"ผู้สอนมีการกำหนดวัตถุประสงค์, หัวข้อการสอน, และมีเอกสารอ่านประกอบ",5,83.33,1,16.67,0,0,0,0,0,0,0,0,4.83,0.41,ส่วนที่ 1 ข้อคำถามกลางของมหาวิทยาลัย,ปริญญาตรี โครงการพิเศษ,2/2563,FGL497,231863,44,6 (13.64%),https://sgulyano.github.io/eval/44868136.html,2563,2,6,2/2563|FGL497|231863,covid
ผู้สอนมีการสอน ตามสภาพจริง เหมาะสมภายใต้ข้อจำกัดในสถานการณ์ COVID-19 และสอดคล้องกับมาตรฐานการเรียนรู้ / ตัวชี้วัด,4,66.67,2,33.33,0,0,0,0,0,0,0,0,4.67,0.52,ส่วนที่ 1 ข้อคำถามกลางของมหาวิทยาลัย,ปริญญาตรี โครงการพิเศษ,2/2563,FGL497,231863,44,6 (13.64%),https://sgulyano.github.io/eval/44868136.html,2563,2,6,2/2563|FGL497|231863,covid
ผู้สอนมีการประเมินผล ตามสภาพจริง เหมาะสมภายใต้ข้อจำกัดในสถานการณ์ COVID-19 และสอดคล้องกับมาตรฐานการเรียนรู้ / ตัวชี้วัด,4,66.67,2,33.33,0,0,0,0,0,0,0,0,4.67,0.52,ส่วนที่ 1 ข้อคำถามกลางของมหาวิทยาลัย,ปริญญาตรี โครงการพิเศษ,2/2563,FGL497,231863,44,6 (13.64%),https://sgulyano.github.io/eval/44868136.html,2563,2,6,2/2563|FGL497|231863,covid
ผู้สอนสร้างช่องทางการติดต่อกับผู้เรียน ในการปรึกษาข้อสงสัยในหัวข้อที่เรียน ทำให้การเรียนเป็นไปตามวัตถุประสงค์,3,50,3,50,0,0,0,0,0,0,0,0,4.5,0.55,ส่วนที่ 1 ข้อคำถามกลางของมหาวิทยาลัย,ปริญญาตรี โครงการพิเศษ,2/2563,FGL497,231863,44,6 (13.64%),https://sgulyano.github.io/eval/44868136.html,2563,2,6,2/2563|FGL497|231863,covid
ผู้สอนมีการเตรียมการสอนมาอย่างดี สอนอย่างมีขั้นตอนและต่อเนื่อง ตามเค้าโครงการสอนหรือเนื้อหาวิชาที่รับผิดชอบภายใต้ข้อจำกัดในการเรียนการสอนออนไลน์,3,50,3,50,0,0,0,0,0,0,0,0,4.5,0.55,ส่วนที่ 1 ข้อคำถามกลางของมหาวิทยาลัย,ปริญญาตรี โครงการพิเศษ,2/2563,FGL497,231863,44,6 (13.64%),https://sgulyano.github.io/eval/44868136.html,2563,2,6,2/2563|FGL497|231863,covid
ผู้สอนอธิบายชัดเจน ตรงประเด็น มีการยกตัวอย่างประกอบให้เข้าใจง่าย และมีการใช้สื่อการสอนที่สามารถเชื่อมโยงกับเนื้อหาที่สอนให้ผู้เรียนเกิดการเรียนรู้ได้ดีขึ้น,4,66.67,2,33.33,0,0,0,0,0,0,0,0,4.67,0.52,ส่วนที่ 1 ข้อคำถามกลางของมหาวิทยาลัย,ปริญญาตรี โครงการพิเศษ,2/2563,FGL497,231863,44,6 (13.64%),https://sgulyano.github.io/eval/44868136.html,2563,2,6,2/2563|FGL497|231863,covid
ผู้สอนกระตุ้นและส่งเสริมให้นักศึกษาซักถาม คิด วิเคราะห์ วิจารณ์ แสดงความคิดเห็น และส่งเสริมการค้นคว้าด้วยตนเอง พร้อมแนะนำแหล่งความรู้เพิ่มเติม,3,50,2,33.33,1,16.67,0,0,0,0,0,0,4.33,0.82,ส่วนที่ 1 ข้อคำถามกลางของมหาวิทยาลัย,ปริญญาตรี โครงการพิเศษ,2/2563,FGL497,231863,44,6 (13.64%),https://sgulyano.github.io/eval/44868136.html,2563,2,6,2/2563|FGL497|231863,covid
ผู้สอนส่งเสริมให้นักศึกษามีคุณธรรม จริยธรรม และปลูกฝังจิตสํานึกให้นักศึกษานําไปประพฤติและปฏิบัติได้อย่างเหมาะสม,4,66.67,2,33.33,0,0,0,0,0,0,0,0,4.67,0.52,ส่วนที่ 1 ข้อคำถามกลางของมหาวิทยาลัย,ปริญญาตรี โครงการพิเศษ,2/2563,FGL497,231863,44,6 (13.64%),https://sgulyano.github.io/eval/44868136.html,2563,2,6,2/2563|FGL497|231863,covid
"ผู้สอนมีการกำหนดวัตถุประสงค์, หัวข้อการสอน, และมีเอกสารอ่านประกอบ",38,71.7,11,20.75,4,7.55,0,0,0,0,0,0,4.64,0.62,ส่วนที่ 1 ข้อคำถามกลางของมหาวิทยาลัย,ปริญญาตรี โครงการพิเศษ,1/2564,DRI970,231863,127,53 (41.73%),https://sgulyano.github.io/eval/45435188.html,2564,1,53,1/2564|DRI970|231863,covid
ผู้สอนมีการสอน ตามสภาพจริง เหมาะสมภายใต้ข้อจำกัดในสถานการณ์ COVID-19 และสอดคล้องกับมาตรฐานการเรียนรู้ / ตัวชี้วัด,38,71.7,10,18.87,5,9.43,0,0,0,0,0,0,4.62,0.66,ส่วนที่ 1 ข้อคำถามกลางของมหาวิทยาลัย,ปริญญาตรี โครงการพิเศษ,1/2564,DRI970,231863,127,53 (41.73%),https://sgulyano.github.io/eval/45435188.html,2564,1,53,1/2564|DRI970|231863,covid
ผู้สอนมีการประเมินผล ตามสภาพจริง เหมาะสมภายใต้ข้อจำกัดในสถานการณ์ COVID-19 และสอดคล้องกับมาตรฐานการเรียนรู้ / ตัวชี้วัด,35,66.04,12,22.64,5,9.43,1,1.89,0,0,0,0,4.53,0.75,ส่วนที่ 1 ข้อคำถามกลางของมหาวิทยาลัย,ปริญญาตรี โครงการพิเศษ,1/2564,DRI970,231863,127,53 (41.73%),https://sgulyano.github.io/eval/45435188.html,2564,1,53,1/2564|DRI970|231863,covid
ผู้สอนสร้างช่องทางการติดต่อกับผู้เรียน ในการปรึกษาข้อสงสัยในหัวข้อที่เรียน ทำให้การเรียนเป็นไปตามวัตถุประสงค์,26,49.06,16,30.19,8,15.09,1,1.89,2,3.77,0,0,4.19,1.02,ส่วนที่ 1 ข้อคำถามกลางของมหาวิทยาลัย,ปริญญาตรี โครงการพิเศษ,1/2564,DRI970,231863,127,53 (41.73%),https://sgulyano.github.io/eval/45435188.html,2564,1,53,1/2564|DRI970|231863,covid
ผู้สอนมีการเตรียมการสอนมาอย่างดี สอนอย่างมีขั้นตอนและต่อเนื่อง ตามเค้าโครงการสอนหรือเนื้อหาวิชาที่รับผิดชอบภายใต้ข้อจำกัดในการเรียนการสอนออนไลน์,35,66.04,11,20.75,6,11.32,1,1.89,0,0,0,0,4.51,0.78,ส่วนที่ 1 ข้อคำถามกลางของมหาวิทยาลัย,ปริญญาตรี โครงการพิเศษ,1/2564,DRI970,231863,127,53 (41.73%),https://sgulyano.github.io/eval/45435188.html,2564,1,53,1/2564|DRI970|231863,covid
ผู้สอนอธิบายชัดเจน ตรงประเด็น มีการยกตัวอย่างประกอบให้เข้าใจง่าย และมีการใช้สื่อการสอนที่สามารถเชื่อมโยงกับเนื้อหาที่สอนให้ผู้เรียนเกิดการเรียนรู้ได้ดีขึ้น,27,50.94,13,24.53,9,16.98,2,3.77,2,3.77,0,0,4.15,1.08,ส่วนที่ 1 ข้อคำถามกลางของมหาวิทยาลัย,ปริญญาตรี โครงการพิเศษ,1/2564,DRI970,231863,127,53 (41.73%),https://sgulyano.github.io/eval/45435188.html,2564,1,53,1/2564|DRI970|231863,covid
ผู้สอนกระตุ้นและส่งเสริมให้นักศึกษาซักถาม คิด วิเคราะห์ วิจารณ์ แสดงความคิดเห็น และส่งเสริมการค้นคว้าด้วยตนเอง พร้อมแนะนำแหล่งความรู้เพิ่มเติม,27,50.94,14,26.42,10,18.87,2,3.77,0,0,0,0,4.25,0.90,ส่วนที่ 1 ข้อคำถามกลางของมหาวิทยาลัย,ปริญญาตรี โครงการพิเศษ,1/2564,DRI970,231863,127,53 (41.73%),https://sgulyano.github.io/eval/45435188.html,2564,1,53,1/2564|DRI970|231863,covid
ผู้สอนส่งเสริมให้นักศึกษามีคุณธรรม จริยธรรม และปลูกฝังจิตสํานึกให้นักศึกษานําไปประพฤติและปฏิบัติได้อย่างเหมาะสม,36,67.92,9,16.98,7,13.21,1,1.89,0,0,0,0,4.51,0.80,ส่วนที่ 1 ข้อคำถามกลางของมหาวิทยาลัย,ปริญญาตรี โครงการพิเศษ,1/2564,DRI970,231863,127,53 (41.73%),https://sgulyano.github.io/eval/45435188.html,2564,1,53,1/2564|DRI970|231863,covid
สอนอย่างเป็นระบบ,6,50,6,50,0,0,0,0,0,0,0,0,4.5,0.52,ส่วนที่ 1 ข้อคำถามกลางของมหาวิทยาลัย,ปริญญาตรี โครงการพิเศษ,1/2562,YRY790,231863,50,12 (24.00%),https://sgulyano.github.io/eval/48033334.html,2562,1,12,1/2562|YRY790|231863,normal
สอนให้คิด วิเคราะห์ วิจารณ์,6,50,6,50,0,0,0,0,0,0,0,0,4.5,0.52,ส่วนที่ 1 ข้อคำถามกลางของมหาวิทยาลัย,ปริญญาตรี โครงการพิเศษ,1/2562,YRY790,231863,50,12 (24.00%),https://sgulyano.github.io/eval/48033334.html,2562,1,12,1/2562|YRY790|231863,normal
กระตุ้นบรรยากาศการเรียนการสอน มีวิธีสอนที่น่าสนใจและน่าติดตาม,2,16.67,7,58.33,3,25,0,0,0,0,0,0,3.92,0.67,ส่วนที่ 1 ข้อคำถามกลางของมหาวิทยาลัย,ปริญญาตรี โครงการพิเศษ,1/2562,YRY790,231863,50,12 (24.00%),https://sgulyano.github.io/eval/48033334.html,2562,1,12,1/2562|YRY790|231863,normal
เปิดโอกาสให้แสดงความคิดเห็นและแลกเปลี่ยนประสบการณ์ ทั้งภายในและภายนอกห้องเรียน,8,66.67,3,25,1,8.33,0,0,0,0,0,0,4.58,0.67,ส่วนที่ 1 ข้อคำถามกลางของมหาวิทยาลัย,ปริญญาตรี โครงการพิเศษ,1/2562,YRY790,231863,50,12 (24.00%),https://sgulyano.github.io/eval/48033334.html,2562,1,12,1/2562|YRY790|231863,normal
มีการให้นำเสนองาน/มีการวัดผลโดยวิธีอื่นๆที่สะท้อนความสามารถของผู้เรียนนอกเหนือจากการตอบข้อสอบ,9,75,2,16.67,1,8.33,0,0,0,0,0,0,4.67,0.65,ส่วนที่ 1 ข้อคำถามกลางของมหาวิทยาลัย,ปริญญาตรี โครงการพิเศษ,1/2562,YRY790,231863,50,12 (24.00%),https://sgulyano.github.io/eval/48033334.html,2562,1,12,1/2562|YRY790|231863,normal
ทำให้เห็นความสัมพันธ์กับวิชาอื่นที่เกี่ยวข้อง,6,50,5,41.67,1,8.33,0,0,0,0,0,0,4.42,0.67,ส่วนที่ 1 ข้อคำถามกลางของมหาวิทยาลัย,ปริญญาตรี โครงการพิเศษ,1/2562,YRY790,231863,50,12 (24.00%),https://sgulyano.github.io/eval/48033334.html,2562,1,12,1/2562|YRY790|231863,normal
ใช้สื่อและอุปกรณ์ช่วยสอนได้ดี,9,75,2,16.67,1,8.33,0,0,0,0,0,0,4.67,0.65,ส่วนที่ 1 ข้อคำถามกลางของมหาวิทยาลัย,ปริญญาตรี โครงการพิเศษ,1/2562,YRY790,231863,50,12 (24.00%),https://sgulyano.github.io/eval/48033334.html,2562,1,12,1/2562|YRY790|231863,normal
แนะนำแหล่งค้นคว้าข้อมูลเพิ่มเติมให้,10,83.33,2,16.67,0,0,0,0,0,0,0,0,4.83,0.39,ส่วนที่ 1 ข้อคำถามกลางของมหาวิทยาลัย,ปริญญาตรี โครงการพิเศษ,1/2562,YRY790,231863,50,12 (24.00%),https://sgulyano.github.io/eval/48033334.html,2562,1,12,1/2562|YRY790|231863,normal
ผู้สอนแจ้งวัตถุประสงค์และเนื้อหารายวิชาตามเค้าโครงการสอนรายวิชาอย่างชัดเจน,6,50,6,50,0,0,0,0,0,0,0,0,4.5,0.52,ส่วนที่ 2 ข้อคำถามของคณะ/หน่วยงาน,ปริญญาตรี โครงการพิเศษ,1/2562,YRY790,231863,50,12 (24.00%),https://sgulyano.github.io/eval/48033334.html,2562,1,12,1/2562|YRY790|231863,normal
ผู้สอนแจ้งเกณฑ์และวิธีประเมินผลล่วงหน้าชัดเจน,10,83.33,1,8.33,1,8.33,0,0,0,0,0,0,4.75,0.62,ส่วนที่ 2 ข้อคำถามของคณะ/หน่วยงาน,ปริญญาตรี โครงการพิเศษ,1/2562,YRY790,231863,50,12 (24.00%),https://sgulyano.github.io/eval/48033334.html,2562,1,12,1/2562|YRY790|231863,normal
ผู้สอนเข้าสอนและเลิกสอนตรงเวลา,10,83.33,2,16.67,0,0,0,0,0,0,0,0,4.83,0.39,ส่วนที่ 2 ข้อคำถามของคณะ/หน่วยงาน,ปริญญาตรี โครงการพิเศษ,1/2562,YRY790,231863,50,12 (24.00%),https://sgulyano.github.io/eval/48033334.html,2562,1,12,1/2562|YRY790|231863,normal
ผู้สอนมาสอนสม่ำเสมอ,10,83.33,2,16.67,0,0,0,0,0,0,0,0,4.83,0.39,ส่วนที่ 2 ข้อคำถามของคณะ/หน่วยงาน,ปริญญาตรี โครงการพิเศษ,1/2562,YRY790,231863,50,12 (24.00%),https://sgulyano.github.io/eval/48033334.html,2562,1,12,1/2562|YRY790|231863,normal
ผู้สอนสอนเนื้อหาครบถ้วน และสอดคล้องตามเค้าโครงการสอนรายวิชา,9,75,2,16.67,1,8.33,0,0,0,0,0,0,4.67,0.65,ส่วนที่ 2 ข้อคำถามของคณะ/หน่วยงาน,ปริญญาตรี โครงการพิเศษ,1/2562,YRY790,231863,50,12 (24.00%),https://sgulyano.github.io/eval/48033334.html,2562,1,12,1/2562|YRY790|231863,normal
ผู้สอนมีการเตรียมการสอนมาอย่างดี,8,66.67,3,25,1,8.33,0,0,0,0,0,0,4.58,0.67,ส่วนที่ 2 ข้อคำถามของคณะ/หน่วยงาน,ปริญญาตรี โครงการพิเศษ,1/2562,YRY790,231863,50,12 (24.00%),https://sgulyano.github.io/eval/48033334.html,2562,1,12,1/2562|YRY790|231863,normal
ผู้สอนชี้แนะจุดมุ่งหมายประเด็นหรือข้อสรุปที่เป็นเนื้อหาสาระสำคัญ,8,66.67,3,25,1,8.33,0,0,0,0,0,0,4.58,0.67,ส่วนที่ 2 ข้อคำถามของคณะ/หน่วยงาน,ปริญญาตรี โครงการพิเศษ,1/2562,YRY790,231863,50,12 (24.00%),https://sgulyano.github.io/eval/48033334.html,2562,1,12,1/2562|YRY790|231863,normal
ผู้สอนแทรกเนื้อหาเกี่ยวกับคุณธรรมจริยธรรมในการเรียนการสอน,2,16.67,9,75,1,8.33,0,0,0,0,0,0,4.08,0.51,ส่วนที่ 2 ข้อคำถามของคณะ/หน่วยงาน,ปริญญาตรี โครงการพิเศษ,1/2562,YRY790,231863,50,12 (24.00%),https://sgulyano.github.io/eval/48033334.html,2562,1,12,1/2562|YRY790|231863,normal
โสตทัศนูปกรณ์ช่วยสอนในห้องเรียน เช่น ไมโครโฟน เครื่องฉายแผ่นทึบ มีคุณภาพพร้อมใช้งาน,5,41.67,5,41.67,2,16.67,0,0,0,0,0,0,4.25,0.75,ส่วนที่ 3 สภาพแวดล้อมและสิ่งสนับสนุนการเรียนรู้,ปริญญาตรี โครงการพิเศษ,1/2562,YRY790,231863,50,12 (24.00%),https://sgulyano.github.io/eval/48033334.html,2562,1,12,1/2562|YRY790|231863,normal
สภาพของห้องเรียนหรือห้องปฏิบัติการ เช่น แสง อุณหภูมิ โต๊ะ เก้าอี้ จุดเชื่อมต่ออินเตอร์เน็ตไร้สายบริการ ฯลฯ มีความเหมาะสมและคุณภาพพร้อมใช้งาน,5,41.67,2,16.67,4,33.33,1,8.33,0,0,0,0,3.92,1.08,ส่วนที่ 3 สภาพแวดล้อมและสิ่งสนับสนุนการเรียนรู้,ปริญญาตรี โครงการพิเศษ,1/2562,YRY790,231863,50,12 (24.00%),https://sgulyano.github.io/eval/48033334.html,2562,1,12,1/2562|YRY790|231863,normal
จำนวนอุปกรณ์ในการเรียนการสอนเพียงพอ และเหมาะสมต่อจำนวนผู้เรียน เช่น คอมพิวเตอร์ เครื่องดนตรี ฯลฯ,5,41.67,0,0,5,41.67,0,0,2,16.67,0,0,3.5,1.51,ส่วนที่ 3 สภาพแวดล้อมและสิ่งสนับสนุนการเรียนรู้,ปริญญาตรี โครงการพิเศษ,1/2562,YRY790,231863,50,12 (24.00%),https://sgulyano.github.io/eval/48033334.html,2562,1,12,1/2562|YRY790|231863,normal
เจ้าหน้าที่อำนวยความสะดวกในการให้บริการในการเรียนวิชานี้,6,50,3,25,3,25,0,0,0,0,0,0,4.25,0.87,ส่วนที่ 3 สภาพแวดล้อมและสิ่งสนับสนุนการเรียนรู้,ปริญญาตรี โครงการพิเศษ,1/2562,YRY790,231863,50,12 (24.00%),https://sgulyano.github.io/eval/48033334.html,2562,1,12,1/2562|YRY790|231863,normal
"ผู้สอนมีการกำหนดวัตถุประสงค์, หัวข้อการสอน, และมีเอกสารอ่านประกอบ",18,54.55,9,27.27,5,15.15,1,3.03,0,0,0,0,4.33,0.85,ส่วนที่ 1 ข้อคำถามกลางของมหาวิทยาลัย,ปริญญาตรี โครงการพิเศษ,1/2564,YRY790,231863,64,34 (53.13%),https://sgulyano.github.io/eval/51435303.html,2564,1,34,1/2564|YRY790|231863,covid
ผู้สอนมีการสอน ตามสภาพจริง เหมาะสมภายใต้ข้อจำกัดในสถานการณ์ COVID-19 และสอดคล้องกับมาตรฐานการเรียนรู้ / ตัวชี้วัด,16,48.48,11,33.33,4,12.12,2,6.06,0,0,0,0,4.24,0.90,ส่วนที่ 1 ข้อคำถามกลางของมหาวิทยาลัย,ปริญญาตรี โครงการพิเศษ,1/2564,YRY790,231863,64,34 (53.13%),https://sgulyano.github.io/eval/51435303.html,2564,1,34,1/2564|YRY790|231863,covid
ผู้สอนมีการประเมินผล ตามสภาพจริง เหมาะสมภายใต้ข้อจำกัดในสถานการณ์ COVID-19 และสอดคล้องกับมาตรฐานการเรียนรู้ / ตัวชี้วัด,16,48.48,11,33.33,4,12.12,2,6.06,0,0,0,0,4.24,0.90,ส่วนที่ 1 ข้อคำถามกลางของมหาวิทยาลัย,ปริญญาตรี โครงการพิเศษ,1/2564,YRY790,231863,64,34 (53.13%),https://sgulyano.github.io/eval/51435303.html,2564,1,34,1/2564|YRY790|231863,covid
ผู้สอนสร้างช่องทางการติดต่อกับผู้เรียน ในการปรึกษาข้อสงสัยในหัวข้อที่เรียน ทำให้การเรียนเป็นไปตามวัตถุประสงค์,13,39.39,11,33.33,5,15.15,3,9.09,1,3.03,0,0,3.97,1.10,ส่วนที่ 1 ข้อคำถามกลางของมหาวิทยาลัย,ปริญญาตรี โครงการพิเศษ,1/2564,YRY790,231863,64,34 (53.13%),https://sgulyano.github.io/eval/51435303.html,2564,1,34,1/2564|YRY790|231863,covid
ผู้สอนมีการเตรียมการสอนมาอย่างดี สอนอย่างมีขั้นตอนและต่อเนื่อง ตามเค้าโครงการสอนหรือเนื้อหาวิชาที่รับผิดชอบภายใต้ข้อจำกัดในการเรียนการสอนออนไลน์,10,30.3,12,36.36,8,24.24,3,9.09,0,0,0,0,3.88,0.96,ส่วนที่ 1 ข้อคำถามกลางของมหาวิทยาลัย,ปริญญาตรี โครงการพิเศษ,1/2564,YRY790,231863,64,34 (53.13%),https://sgulyano.github.io/eval/51435303.html,2564,1,34,1/2564|YRY790|231863,covid
ผู้สอนอธิบายชัดเจน ตรงประเด็น มีการยกตัวอย่างประกอบให้เข้าใจง่าย และมีการใช้สื่อการสอนที่สามารถเชื่อมโยงกับเนื้อหาที่สอนให้ผู้เรียนเกิดการเรียนรู้ได้ดีขึ้น,8,24.24,10,30.3,10,30.3,5,15.15,0,0,0,0,3.64,1.03,ส่วนที่ 1 ข้อคำถามกลางของมหาวิทยาลัย,ปริญญาตรี โครงการพิเศษ,1/2564,YRY790,231863,64,34 (53.13%),https://sgulyano.github.io/eval/51435303.html,2564,1,34,1/2564|YRY790|231863,covid
ผู้สอนกระตุ้นและส่งเสริมให้นักศึกษาซักถาม คิด วิเคราะห์ วิจารณ์ แสดงความคิดเห็น และส่งเสริมการค้นคว้าด้วยตนเอง พร้อมแนะนำแหล่งความรู้เพิ่มเติม,13,39.39,11,33.33,5,15.15,3,9.09,1,3.03,0,0,3.97,1.10,ส่วนที่ 1 ข้อคำถามกลางของมหาวิทยาลัย,ปริญญาตรี โครงการพิเศษ,1/2564,YRY790,231863,64,34 (53.13%),https://sgulyano.github.io/eval/51435303.html,2564,1,34,1/2564|YRY790|231863,covid
ผู้สอนส่งเสริมให้นักศึกษามีคุณธรรม จริยธรรม และปลูกฝังจิตสํานึกให้นักศึกษานําไปประพฤติและปฏิบัติได้อย่างเหมาะสม,14,42.42,9,27.27,7,21.21,3,9.09,0,0,0,0,4.03,1.02,ส่วนที่ 1 ข้อคำถามกลางของมหาวิทยาลัย,ปริญญาตรี โครงการพิเศษ,1/2564,YRY790,231863,64,34 (53.13%),https://sgulyano.github.io/eval/51435303.html,2564,1,34,1/2564|YRY790|231863,covid
"ผู้สอนมีการกำหนดวัตถุประสงค์, หัวข้อการสอน, และมีเอกสารอ่านประกอบ",2,50,2,50,0,0,0,0,0,0,0,0,4.5,0.58,ส่วนที่ 1 ข้อคำถามกลางของมหาวิทยาลัย,ปริญญาตรี โครงการพิเศษ,2/2563,FGL497,696574,41,4 (9.76%),https://sgulyano.github.io/eval/53231654.html,2563,2,4,2/2563|FGL497|696574,covid
ผู้สอนมีการสอน ตามสภาพจริง เหมาะสมภายใต้ข้อจำกัดในสถานการณ์ COVID-19 และสอดคล้องกับมาตรฐานการเรียนรู้ / ตัวชี้วัด,1,25,2,50,1,25,0,0,0,0,0,0,4,0.82,ส่วนที่ 1 ข้อคำถามกลางของมหาวิทยาลัย,ปริญญาตรี โครงการพิเศษ,2/2563,FGL497,696574,41,4 (9.76%),https://sgulyano.github.io/eval/53231654.html,2563,2,4,2/2563|FGL497|696574,covid
ผู้สอนมีการประเมินผล ตามสภาพจริง เหมาะสมภายใต้ข้อจำกัดในสถานการณ์ COVID-19 และสอดคล้องกับมาตรฐานการเรียนรู้ / ตัวชี้วัด,2,50,2,50,0,0,0,0,0,0,0,0,4.5,0.58,ส่วนที่ 1 ข้อคำถามกลางของมหาวิทยาลัย,ปริญญาตรี โครงการพิเศษ,2/2563,FGL497,696574,41,4 (9.76%),https://sgulyano.github.io/eval/53231654.html,2563,2,4,2/2563|FGL497|696574,covid
ผู้สอนสร้างช่องทางการติดต่อกับผู้เรียน ในการปรึกษาข้อสงสัยในหัวข้อที่เรียน ทำให้การเรียนเป็นไปตามวัตถุประสงค์,2,50,1,25,1,25,0,0,0,0,0,0,4.25,0.96,ส่วนที่ 1 ข้อคำถามกลางของมหาวิทยาลัย,ปริญญาตรี โครงการพิเศษ,2/2563,FGL497,696574,41,4 (9.76%),https://sgulyano.github.io/eval/53231654.html,2563,2,4,2/2563|FGL497|696574,covid
ผู้สอนมีการเตรียมการสอนมาอย่างดี สอนอย่างมีขั้นตอนและต่อเนื่อง ตามเค้าโครงการสอนหรือเนื้อหาวิชาที่รับผิดชอบภายใต้ข้อจำกัดในการเรียนการสอนออนไลน์,1,25,2,50,1,25,0,0,0,0,0,0,4,0.82,ส่วนที่ 1 ข้อคำถามกลางของมหาวิทยาลัย,ปริญญาตรี โครงการพิเศษ,2/2563,FGL497,696574,41,4 (9.76%),https://sgulyano.github.io/eval/53231654.html,2563,2,4,2/2563|FGL497|696574,covid
ผู้สอนอธิบายชัดเจน ตรงประเด็น มีการยกตัวอย่างประกอบให้เข้าใจง่าย และมีการใช้สื่อการสอนที่สามารถเชื่อมโยงกับเนื้อหาที่สอนให้ผู้เรียนเกิดการเรียนรู้ได้ดีขึ้น,1,25,3,75,0,0,0,0,0,0,0,0,4.25,0.50,ส่วนที่ 1 ข้อคำถามกลางของมหาวิทยาลัย,ปริญญาตรี โครงการพิเศษ,2/2563,FGL497,696574,41,4 (9.76%),https://sgulyano.github.io/eval/53231654.html,2563,2,4,2/2563|FGL497|696574,covid
ผู้สอนกระตุ้นและส่งเสริมให้นักศึกษาซักถาม คิด วิเคราะห์ วิจารณ์ แสดงความคิดเห็น และส่งเสริมการค้นคว้าด้วยตนเอง พร้อมแนะนำแหล่งความรู้เพิ่มเติม,2,50,1,25,1,25,0,0,0,0,0,0,4.25,0.96,ส่วนที่ 1 ข้อคำถามกลางของมหาวิทยาลัย,ปริญญาตรี โครงการพิเศษ,2/2563,FGL497,696574,41,4 (9.76%),https://sgulyano.github.io/eval/53231654.html,2563,2,4,2/2563|FGL497|696574,covid
ผู้สอนส่งเสริมให้นักศึกษามีคุณธรรม จริยธรรม และปลูกฝังจิตสํานึกให้นักศึกษานําไปประพฤติและปฏิบัติได้อย่างเหมาะสม,2,50,1,25,1,25,0,0,0,0,0,0,4.25,0.96,ส่วนที่ 1 ข้อคำถามกลางของมหาวิทยาลัย,ปริญญาตรี โครงการพิเศษ,2/2563,FGL497,696574,41,4 (9.76%),https://sgulyano.github.io/eval/53231654.html,2563,2,4,2/2563|FGL497|696574,covid
"ผู้สอนมีการกำหนดวัตถุประสงค์, หัวข้อการสอน, และมีเอกสารอ่านประกอบ",2,100,0,0,0,0,0,0,0,0,0,0,5,0.00,ส่วนที่ 1 ข้อคำถามกลางของมหาวิทยาลัย,ปริญญาตรี โครงการพิเศษ,1/2564,XCM602,231863,14,2 (14.29%),https://sgulyano.github.io/eval/60189297.html,2564,1,2,1/2564|XCM602|231863,covid
ผู้สอนมีการสอน ตามสภาพจริง เหมาะสมภายใต้ข้อจำกัดในสถานการณ์ COVID-19 และสอดคล้องกับมาตรฐานการเรียนรู้ / ตัวชี้วัด,2,100,0,0,0,0,0,0,0,0,0,0,5,0.00,ส่วนที่ 1 ข้อคำถามกลางของมหาวิทยาลัย,ปริญญาตรี โครงการพิเศษ,1/2564,XCM602,231863,14,2 (14.29%),https://sgulyano.github.io/eval/60189297.html,2564,1,2,1/2564|XCM602|231863,covid
ผู้สอนมีการประเมินผล ตามสภาพจริง เหมาะสมภายใต้ข้อจำกัดในสถานการณ์ COVID-19 และสอดคล้องกับมาตรฐานการเรียนรู้ / ตัวชี้วัด,2,100,0,0,0,0,0,0,0,0,0,0,5,0.00,ส่วนที่ 1 ข้อคำถามกลางของมหาวิทยาลัย,ปริญญาตรี โครงการพิเศษ,1/2564,XCM602,231863,14,2 (14.29%),https://sgulyano.github.io/eval/60189297.html,2564,1,2,1/2564|XCM602|231863,covid
ผู้สอนสร้างช่องทางการติดต่อกับผู้เรียน ในการปรึกษาข้อสงสัยในหัวข้อที่เรียน ทำให้การเรียนเป็นไปตามวัตถุประสงค์,2,100,0,0,0,0,0,0,0,0,0,0,5,0.00,ส่วนที่ 1 ข้อคำถามกลางของมหาวิทยาลัย,ปริญญาตรี โครงการพิเศษ,1/2564,XCM602,231863,14,2 (14.29%),https://sgulyano.github.io/eval/60189297.html,2564,1,2,1/2564|XCM602|231863,covid
ผู้สอนมีการเตรียมการสอนมาอย่างดี สอนอย่างมีขั้นตอนและต่อเนื่อง ตามเค้าโครงการสอนหรือเนื้อหาวิชาที่รับผิดชอบภายใต้ข้อจำกัดในการเรียนการสอนออนไลน์,2,100,0,0,0,0,0,0,0,0,0,0,5,0.00,ส่วนที่ 1 ข้อคำถามกลางของมหาวิทยาลัย,ปริญญาตรี โครงการพิเศษ,1/2564,XCM602,231863,14,2 (14.29%),https://sgulyano.github.io/eval/60189297.html,2564,1,2,1/2564|XCM602|231863,covid
ผู้สอนอธิบายชัดเจน ตรงประเด็น มีการยกตัวอย่างประกอบให้เข้าใจง่าย และมีการใช้สื่อการสอนที่สามารถเชื่อมโยงกับเนื้อหาที่สอนให้ผู้เรียนเกิดการเรียนรู้ได้ดีขึ้น,2,100,0,0,0,0,0,0,0,0,0,0,5,0.00,ส่วนที่ 1 ข้อคำถามกลางของมหาวิทยาลัย,ปริญญาตรี โครงการพิเศษ,1/2564,XCM602,231863,14,2 (14.29%),https://sgulyano.github.io/eval/60189297.html,2564,1,2,1/2564|XCM602|231863,covid
ผู้สอนกระตุ้นและส่งเสริมให้นักศึกษาซักถาม คิด วิเคราะห์ วิจารณ์ แสดงความคิดเห็น และส่งเสริมการค้นคว้าด้วยตนเอง พร้อมแนะนำแหล่งความรู้เพิ่มเติม,2,100,0,0,0,0,0,0,0,0,0,0,5,0.00,ส่วนที่ 1 ข้อคำถามกลางของมหาวิทยาลัย,ปริญญาตรี โครงการพิเศษ,1/2564,XCM602,231863,14,2 (14.29%),https://sgulyano.github.io/eval/60189297.html,2564,1,2,1/2564|XCM602|231863,covid
ผู้สอนส่งเสริมให้นักศึกษามีคุณธรรม จริยธรรม และปลูกฝังจิตสํานึกให้นักศึกษานําไปประพฤติและปฏิบัติได้อย่างเหมาะสม,2,100,0,0,0,0,0,0,0,0,0,0,5,0.00,ส่วนที่ 1 ข้อคำถามกลางของมหาวิทยาลัย,ปริญญาตรี โครงการพิเศษ,1/2564,XCM602,231863,14,2 (14.29%),https://sgulyano.github.io/eval/60189297.html,2564,1,2,1/2564|XCM602|231863,covid
สอนอย่างเป็นระบบ,17,56.67,9,30,3,10,0,0,1,3.33,0,0,4.37,0.93,ส่วนที่ 1 ข้อคำถามกลางของมหาวิทยาลัย,ปริญญาตรี โครงการปกติ,2/2561,RMW014,556574,326,30 (9.20%),https://sgulyano.github.io/eval/61116032.html,2561,2,30,2/2561|RMW014|556574,normal
สอนให้คิด วิเคราะห์ วิจารณ์,12,40,8,26.67,9,30,0,0,1,3.33,0,0,4,1.02,ส่วนที่ 1 ข้อคำถามกลางของมหาวิทยาลัย,ปริญญาตรี โครงการปกติ,2/2561,RMW014,556574,326,30 (9.20%),https://sgulyano.github.io/eval/61116032.html,2561,2,30,2/2561|RMW014|556574,normal
กระตุ้นบรรยากาศการเรียนการสอน  มีวิธีสอนที่น่าสนใจและน่าติดตาม,11,36.67,4,13.33,9,30,2,6.67,3,10,1,3.33,3.62,1.35,ส่วนที่ 1 ข้อคำถามกลางของมหาวิทยาลัย,ปริญญาตรี โครงการปกติ,2/2561,RMW014,556574,326,30 (9.20%),https://sgulyano.github.io/eval/61116032.html,2561,2,30,2/2561|RMW014|556574,normal
เปิดโอกาสให้แสดงความคิดเห็นและแลกเปลี่ยนประสบการณ์ ทั้งภายในและภายนอกห้องเรียน,11,36.67,6,20,9,30,1,3.33,3,10,0,0,3.7,1.29,ส่วนที่ 1 ข้อคำถามกลางของมหาวิทยาลัย,ปริญญาตรี โครงการปกติ,2/2561,RMW014,556574,326,30 (9.20%),https://sgulyano.github.io/eval/61116032.html,2561,2,30,2/2561|RMW014|556574,normal
มีการให้นำเสนองาน/มีการวัดผลโดยวิธีอื่นๆที่สะท้อนความสามารถของผู้เรียนนอกเหนือจากการตอบข้อสอบ,16,53.33,11,36.67,2,6.67,1,3.33,0,0,0,0,4.4,0.77,ส่วนที่ 1 ข้อคำถามกลางของมหาวิทยาลัย,ปริญญาตรี โครงการปกติ,2/2561,RMW014,556574,326,30 (9.20%),https://sgulyano.github.io/eval/61116032.html,2561,2,30,2/2561|RMW014|556574,normal
ทำให้เห็นความสัมพันธ์กับวิชาอื่นที่เกี่ยวข้อง,12,40,11,36.67,6,20,0,0,0,0,1,3.33,4.21,0.77,ส่วนที่ 1 ข้อคำถามกลางของมหาวิทยาลัย,ปริญญาตรี โครงการปกติ,2/2561,RMW014,556574,326,30 (9.20%),https://sgulyano.github.io/eval/61116032.html,2561,2,30,2/2561|RMW014|556574,normal
ใช้สื่อและอุปกรณ์ช่วยสอนได้ดี,16,53.33,8,26.67,4,13.33,2,6.67,0,0,0,0,4.27,0.94,ส่วนที่ 1 ข้อคำถามกลางของมหาวิทยาลัย,ปริญญาตรี โครงการปกติ,2/2561,RMW014,556574,326,30 (9.20%),https://sgulyano.github.io/eval/61116032.html,2561,2,30,2/2561|RMW014|556574,normal
แนะนำแหล่งค้นคว้าข้อมูลเพิ่มเติมให้,11,36.67,5,16.67,9,30,2,6.67,2,6.67,1,3.33,3.72,1.25,ส่วนที่ 1 ข้อคำถามกลางของมหาวิทยาลัย,ปริญญาตรี โครงการปกติ,2/2561,RMW014,556574,326,30 (9.20%),https://sgulyano.github.io/eval/61116032.html,2561,2,30,2/2561|RMW014|556574,normal
โสตทัศนูปกรณ์ช่วยสอนในห้องเรียน เช่น ไมโครโฟน เครื่องฉายแผ่นทึบ มีคุณภาพพร้อมใช้งาน,21,70,4,13.33,4,13.33,1,3.33,0,0,0,0,4.5,0.86,ส่วนที่ 3 สภาพแวดล้อมและสิ่งสนับสนุนการเรียนรู้,ปริญญาตรี โครงการปกติ,2/2561,RMW014,556574,326,30 (9.20%),https://sgulyano.github.io/eval/61116032.html,2561,2,30,2/2561|RMW014|556574,normal
สภาพของห้องเรียนหรือห้องปฏิบัติการ เช่น แสง อุณหภูมิ โต๊ะ เก้าอี้ จุดเชื่อมต่ออินเตอร์เน็ตไร้สายบริการ ฯลฯ มีความเหมาะสมและคุณภาพพร้อมใช้งาน,17,56.67,1,3.33,10,33.33,2,6.67,0,0,0,0,4.1,1.09,ส่วนที่ 3 สภาพแวดล้อมและสิ่งสนับสนุนการเรียนรู้,ปริญญาตรี โครงการปกติ,2/2561,RMW014,556574,326,30 (9.20%),https://sgulyano.github.io/eval/61116032.html,2561,2,30,2/2561|RMW014|556574,normal
จำนวนอุปกรณ์ในการเรียนการสอนเพียงพอ และเหมาะสมต่อจำนวนผู้เรียน เช่น คอมพิวเตอร์ เครื่องดนตรี ฯลฯ,22,73.33,4,13.33,3,10,1,3.33,0,0,0,0,4.57,0.82,ส่วนที่ 3 สภาพแวดล้อมและสิ่งสนับสนุนการเรียนรู้,ปริญญาตรี โครงการปกติ,2/2561,RMW014,556574,326,30 (9.20%),https://sgulyano.github.io/eval/61116032.html,2561,2,30,2/2561|RMW014|556574,normal
เจ้าหน้าที่อำนวยความสะดวกในการให้บริการในการเรียนวิชานี้,22,73.33,4,13.33,2,6.67,1,3.33,0,0,1,3.33,4.62,0.78,ส่วนที่ 3 สภาพแวดล้อมและสิ่งสนับสนุนการเรียนรู้,ปริญญาตรี โครงการปกติ,2/2561,RMW014,556574,326,30 (9.20%),https://sgulyano.github.io/eval/61116032.html,2561,2,30,2/2561|RMW014|556574,normal
สอนอย่างเป็นระบบ,1,16.67,4,66.67,1,16.67,0,0,0,0,0,0,4,0.63,ส่วนที่ 1 ข้อคำถามกลางของมหาวิทยาลัย,ปริญญาโท โครงการพิเศษ,2/2562,DHT256,270981,12,6 (50.00%),https://sgulyano.github.io/eval/66887754.html,2562,2,6,2/2562|DHT256|270981,normal
สอนให้คิด วิเคราะห์ วิจารณ์,1,16.67,4,66.67,1,16.67,0,0,0,0,0,0,4,0.63,ส่วนที่ 1 ข้อคำถามกลางของมหาวิทยาลัย,ปริญญาโท โครงการพิเศษ,2/2562,DHT256,270981,12,6 (50.00%),https://sgulyano.github.io/eval/66887754.html,2562,2,6,2/2562|DHT256|270981,normal
กระตุ้นบรรยากาศการเรียนการสอน มีวิธีสอนที่น่าสนใจและน่าติดตาม,2,33.33,2,33.33,2,33.33,0,0,0,0,0,0,4,0.89,ส่วนที่ 1 ข้อคำถามกลางของมหาวิทยาลัย,ปริญญาโท โครงการพิเศษ,2/2562,DHT256,270981,12,6 (50.00%),https://sgulyano.github.io/eval/66887754.html,2562,2,6,2/2562|DHT256|270981,normal
เปิดโอกาสให้แสดงความคิดเห็นและแลกเปลี่ยนประสบการณ์ ทั้งภายในและภายนอกห้องเรียน,2,33.33,4,66.67,0,0,0,0,0,0,0,0,4.33,0.52,ส่วนที่ 1 ข้อคำถามกลางของมหาวิทยาลัย,ปริญญาโท โครงการพิเศษ,2/2562,DHT256,270981,12,6 (50.00%),https://sgulyano.github.io/eval/66887754.html,2562,2,6,2/2562|DHT256|270981,normal
มีการให้นำเสนองาน/มีการวัดผลโดยวิธีอื่นๆที่สะท้อนความสามารถของผู้เรียนนอกเหนือจากการตอบข้อสอบ,2,33.33,3,50,1,16.67,0,0,0,0,0,0,4.17,0.75,ส่วนที่ 1 ข้อคำถามกลางของมหาวิทยาลัย,ปริญญาโท โครงการพิเศษ,2/2562,DHT256,270981,12,6 (50.00%),https://sgulyano.github.io/eval/66887754.html,2562,2,6,2/2562|DHT256|270981,normal
ทำให้เห็นความสัมพันธ์กับวิชาอื่นที่เกี่ยวข้อง,2,33.33,4,66.67,0,0,0,0,0,0,0,0,4.33,0.52,ส่วนที่ 1 ข้อคำถามกลางของมหาวิทยาลัย,ปริญญาโท โครงการพิเศษ,2/2562,DHT256,270981,12,6 (50.00%),https://sgulyano.github.io/eval/66887754.html,2562,2,6,2/2562|DHT256|270981,normal
ใช้สื่อและอุปกรณ์ช่วยสอนได้ดี,2,33.33,3,50,1,16.67,0,0,0,0,0,0,4.17,0.75,ส่วนที่ 1 ข้อคำถามกลางของมหาวิทยาลัย,ปริญญาโท โครงการพิเศษ,2/2562,DHT256,270981,12,6 (50.00%),https://sgulyano.github.io/eval/66887754.html,2562,2,6,2/2562|DHT256|270981,normal
แนะนำแหล่งค้นคว้าข้อมูลเพิ่มเติมให้,3,50,1,16.67,2,33.33,0,0,0,0,0,0,4.17,0.98,ส่วนที่ 1 ข้อคำถามกลางของมหาวิทยาลัย,ปริญญาโท โครงการพิเศษ,2/2562,DHT256,270981,12,6 (50.00%),https://sgulyano.github.io/eval/66887754.html,2562,2,6,2/2562|DHT256|270981,normal
ผู้สอนแจ้งวัตถุประสงค์และเนื้อหารายวิชาตามเค้าโครงการสอนรายวิชาอย่างชัดเจน,3,50,1,16.67,2,33.33,0,0,0,0,0,0,4.17,0.98,ส่วนที่ 2 ข้อคำถามของคณะ/หน่วยงาน,ปริญญาโท โครงการพิเศษ,2/2562,DHT256,270981,12,6 (50.00%),https://sgulyano.github.io/eval/66887754.html,2562,2,6,2/2562|DHT256|270981,normal
ผู้สอนแจ้งเกณฑ์และวิธีประเมินผลล่วงหน้าชัดเจน,2,33.33,1,16.67,3,50,0,0,0,0,0,0,3.83,0.98,ส่วนที่ 2 ข้อคำถามของคณะ/หน่วยงาน,ปริญญาโท โครงการพิเศษ,2/2562,DHT256,270981,12,6 (50.00%),https://sgulyano.github.io/eval/66887754.html,2562,2,6,2/2562|DHT256|270981,normal
ผู้สอนเข้าสอนและเลิกสอนตรงเวลา,3,50,3,50,0,0,0,0,0,0,0,0,4.5,0.55,ส่วนที่ 2 ข้อคำถามของคณะ/หน่วยงาน,ปริญญาโท โครงการพิเศษ,2/2562,DHT256,270981,12,6 (50.00%),https://sgulyano.github.io/eval/66887754.html,2562,2,6,2/2562|DHT256|270981,normal
ผู้สอนมาสอนสม่ำเสมอ,4,66.67,2,33.33,0,0,0,0,0,0,0,0,4.67,0.52,ส่วนที่ 2 ข้อคำถามของคณะ/หน่วยงาน,ปริญญาโท โครงการพิเศษ,2/2562,DHT256,270981,12,6 (50.00%),https://sgulyano.github.io/eval/66887754.html,2562,2,6,2/2562|DHT256|270981,normal
ผู้สอนสอนเนื้อหาครบถ้วน และสอดคล้องตามเค้าโครงการสอนรายวิชา,3,50,2,33.33,1,16.67,0,0,0,0,0,0,4.33,0.82,ส่วนที่ 2 ข้อคำถามของคณะ/หน่วยงาน,ปริญญาโท โครงการพิเศษ,2/2562,DHT256,270981,12,6 (50.00%),https://sgulyano.github.io/eval/66887754.html,2562,2,6,2/2562|DHT256|270981,normal
ผู้สอนมีการเตรียมการสอนมาอย่างดี,3,50,3,50,0,0,0,0,0,0,0,0,4.5,0.55,ส่วนที่ 2 ข้อคำถามของคณะ/หน่วยงาน,ปริญญาโท โครงการพิเศษ,2/2562,DHT256,270981,12,6 (50.00%),https://sgulyano.github.io/eval/66887754.html,2562,2,6,2/2562|DHT256|270981,normal
ผู้สอนชี้แนะจุดมุ่งหมายประเด็นหรือข้อสรุปที่เป็นเนื้อหาสาระสำคัญ,3,50,2,33.33,1,16.67,0,0,0,0,0,0,4.33,0.82,ส่วนที่ 2 ข้อคำถามของคณะ/หน่วยงาน,ปริญญาโท โครงการพิเศษ,2/2562,DHT256,270981,12,6 (50.00%),https://sgulyano.github.io/eval/66887754.html,2562,2,6,2/2562|DHT256|270981,normal
ผู้สอนแทรกเนื้อหาเกี่ยวกับคุณธรรมจริยธรรมในการเรียนการสอน,1,16.67,3,50,2,33.33,0,0,0,0,0,0,3.83,0.75,ส่วนที่ 2 ข้อคำถามของคณะ/หน่วยงาน,ปริญญาโท โครงการพิเศษ,2/2562,DHT256,270981,12,6 (50.00%),https://sgulyano.github.io/eval/66887754.html,2562,2,6,2/2562|DHT256|270981,normal
โสตทัศนูปกรณ์ช่วยสอนในห้องเรียน เช่น ไมโครโฟน เครื่องฉายแผ่นทึบ มีคุณภาพพร้อมใช้งาน,3,50,1,16.67,1,16.67,0,0,1,16.67,0,0,3.83,1.60,ส่วนที่ 3 สภาพแวดล้อมและสิ่งสนับสนุนการเรียนรู้,ปริญญาโท โครงการพิเศษ,2/2562,DHT256,270981,12,6 (50.00%),https://sgulyano.github.io/eval/66887754.html,2562,2,6,2/2562|DHT256|270981,normal
สภาพของห้องเรียนหรือห้องปฏิบัติการ เช่น แสง อุณหภูมิ โต๊ะ เก้าอี้ จุดเชื่อมต่ออินเตอร์เน็ตไร้สายบริการ ฯลฯ มีความเหมาะสมและคุณภาพพร้อมใช้งาน,2,33.33,1,16.67,2,33.33,0,0,1,16.67,0,0,3.5,1.52,ส่วนที่ 3 สภาพแวดล้อมและสิ่งสนับสนุนการเรียนรู้,ปริญญาโท โครงการพิเศษ,2/2562,DHT256,270981,12,6 (50.00%),https://sgulyano.github.io/eval/66887754.html,2562,2,6,2/2562|DHT256|270981,normal
จำนวนอุปกรณ์ในการเรียนการสอนเพียงพอ และเหมาะสมต่อจำนวนผู้เรียน เช่น คอมพิวเตอร์ เครื่องดนตรี ฯลฯ,2,33.33,1,16.67,2,33.33,0,0,1,16.67,0,0,3.5,1.52,ส่วนที่ 3 สภาพแวดล้อมและสิ่งสนับสนุนการเรียนรู้,ปริญญาโท โครงการพิเศษ,2/2562,DHT256,270981,12,6 (50.00%),https://sgulyano.github.io/eval/66887754.html,2562,2,6,2/2562|DHT256|270981,normal
เจ้าหน้าที่อำนวยความสะดวกในการให้บริการในการเรียนวิชานี้,2,33.33,1,16.67,2,33.33,1,16.67,0,0,0,0,3.67,1.21,ส่วนที่ 3 สภาพแวดล้อมและสิ่งสนับสนุนการเรียนรู้,ปริญญาโท โครงการพิเศษ,2/2562,DHT256,270981,12,6 (50.00%),https://sgulyano.github.io/eval/66887754.html,2562,2,6,2/2562|DHT256|270981,normal
สอนอย่างเป็นระบบ,4,57.14,2,28.57,0,0,1,14.29,0,0,0,0,4.29,1.11,ส่วนที่ 1 ข้อคำถามกลางของมหาวิทยาลัย,ปริญญาตรี โครงการพิเศษ,2/2561,NVI781,231863,44,7 (15.91%),https://sgulyano.github.io/eval/68346670.html,2561,2,7,2/2561|NVI781|231863,normal
สอนให้คิด วิเคราะห์ วิจารณ์,4,57.14,1,14.29,2,28.57,0,0,0,0,0,0,4.29,0.95,ส่วนที่ 1 ข้อคำถามกลางของมหาวิทยาลัย,ปริญญาตรี โครงการพิเศษ,2/2561,NVI781,231863,44,7 (15.91%),https://sgulyano.github.io/eval/68346670.html,2561,2,7,2/2561|NVI781|231863,normal
กระตุ้นบรรยากาศการเรียนการสอน มีวิธีสอนที่น่าสนใจและน่าติดตาม,1,14.29,2,28.57,3,42.86,1,14.29,0,0,0,0,3.43,0.98,ส่วนที่ 1 ข้อคำถามกลางของมหาวิทยาลัย,ปริญญาตรี โครงการพิเศษ,2/2561,NVI781,231863,44,7 (15.91%),https://sgulyano.github.io/eval/68346670.html,2561,2,7,2/2561|NVI781|231863,normal
เปิดโอกาสให้แสดงความคิดเห็นและแลกเปลี่ยนประสบการณ์ ทั้งภายในและภายนอกห้องเรียน,3,42.86,3,42.86,1,14.29,0,0,0,0,0,0,4.29,0.76,ส่วนที่ 1 ข้อคำถามกลางของมหาวิทยาลัย,ปริญญาตรี โครงการพิเศษ,2/2561,NVI781,231863,44,7 (15.91%),https://sgulyano.github.io/eval/68346670.html,2561,2,7,2/2561|NVI781|231863,normal
มีการให้นำเสนองาน/มีการวัดผลโดยวิธีอื่นๆที่สะท้อนความสามารถของผู้เรียนนอกเหนือจากการตอบข้อสอบ,4,57.14,2,28.57,1,14.29,0,0,0,0,0,0,4.43,0.79,ส่วนที่ 1 ข้อคำถามกลางของมหาวิทยาลัย,ปริญญาตรี โครงการพิเศษ,2/2561,NVI781,231863,44,7 (15.91%),https://sgulyano.github.io/eval/68346670.html,2561,2,7,2/2561|NVI781|231863,normal
ทำให้เห็นความสัมพันธ์กับวิชาอื่นที่เกี่ยวข้อง,5,71.43,1,14.29,1,14.29,0,0,0,0,0,0,4.57,0.79,ส่วนที่ 1 ข้อคำถามกลางของมหาวิทยาลัย,ปริญญาตรี โครงการพิเศษ,2/2561,NVI781,231863,44,7 (15.91%),https://sgulyano.github.io/eval/68346670.html,2561,2,7,2/2561|NVI781|231863,normal
ใช้สื่อและอุปกรณ์ช่วยสอนได้ดี,5,71.43,2,28.57,0,0,0,0,0,0,0,0,4.71,0.49,ส่วนที่ 1 ข้อคำถามกลางของมหาวิทยาลัย,ปริญญาตรี โครงการพิเศษ,2/2561,NVI781,231863,44,7 (15.91%),https://sgulyano.github.io/eval/68346670.html,2561,2,7,2/2561|NVI781|231863,normal
แนะนำแหล่งค้นคว้าข้อมูลเพิ่มเติมให้,3,42.86,3,42.86,1,14.29,0,0,0,0,0,0,4.29,0.76,ส่วนที่ 1 ข้อคำถามกลางของมหาวิทยาลัย,ปริญญาตรี โครงการพิเศษ,2/2561,NVI781,231863,44,7 (15.91%),https://sgulyano.github.io/eval/68346670.html,2561,2,7,2/2561|NVI781|231863,normal
ผู้สอนแจ้งวัตถุประสงค์และเนื้อหารายวิชาตามเค้าโครงการสอนรายวิชาอย่างชัดเจน,3,42.86,4,57.14,0,0,0,0,0,0,0,0,4.43,0.53,ส่วนที่ 2 ข้อคำถามของคณะ/หน่วยงาน,ปริญญาตรี โครงการพิเศษ,2/2561,NVI781,231863,44,7 (15.91%),https://sgulyano.github.io/eval/68346670.html,2561,2,7,2/2561|NVI781|231863,normal
ผู้สอนแจ้งเกณฑ์และวิธีประเมินผลล่วงหน้าชัดเจน,3,42.86,4,57.14,0,0,0,0,0,0,0,0,4.43,0.53,ส่วนที่ 2 ข้อคำถามของคณะ/หน่วยงาน,ปริญญาตรี โครงการพิเศษ,2/2561,NVI781,231863,44,7 (15.91%),https://sgulyano.github.io/eval/68346670.html,2561,2,7,2/2561|NVI781|231863,normal
ผู้สอนเข้าสอนและเลิกสอนตรงเวลา,6,85.71,1,14.29,0,0,0,0,0,0,0,0,4.86,0.38,ส่วนที่ 2 ข้อคำถามของคณะ/หน่วยงาน,ปริญญาตรี โครงการพิเศษ,2/2561,NVI781,231863,44,7 (15.91%),https://sgulyano.github.io/eval/68346670.html,2561,2,7,2/2561|NVI781|231863,normal
ผู้สอนมาสอนสม่ำเสมอ,4,57.14,3,42.86,0,0,0,0,0,0,0,0,4.57,0.53,ส่วนที่ 2 ข้อคำถามของคณะ/หน่วยงาน,ปริญญาตรี โครงการพิเศษ,2/2561,NVI781,231863,44,7 (15.91%),https://sgulyano.github.io/eval/68346670.html,2561,2,7,2/2561|NVI781|231863,normal
ผู้สอนสอนเนื้อหาครบถ้วน และสอดคล้องตามเค้าโครงการสอนรายวิชา,4,57.14,3,42.86,0,0,0,0,0,0,0,0,4.57,0.53,ส่วนที่ 2 ข้อคำถามของคณะ/หน่วยงาน,ปริญญาตรี โครงการพิเศษ,2/2561,NVI781,231863,44,7 (15.91%),https://sgulyano.github.io/eval/68346670.html,2561,2,7,2/2561|NVI781|231863,normal
ผู้สอนมีการเตรียมการสอนมาอย่างดี,3,42.86,4,57.14,0,0,0,0,0,0,0,0,4.43,0.53,ส่วนที่ 2 ข้อคำถามของคณะ/หน่วยงาน,ปริญญาตรี โครงการพิเศษ,2/2561,NVI781,231863,44,7 (15.91%),https://sgulyano.github.io/eval/68346670.html,2561,2,7,2/2561|NVI781|231863,normal
ผู้สอนชี้แนะจุดมุ่งหมายประเด็นหรือข้อสรุปที่เป็นเนื้อหาสาระสำคัญ,4,57.14,3,42.86,0,0,0,0,0,0,0,0,4.57,0.53,ส่วนที่ 2 ข้อคำถามของคณะ/หน่วยงาน,ปริญญาตรี โครงการพิเศษ,2/2561,NVI781,231863,44,7 (15.91%),https://sgulyano.github.io/eval/68346670.html,2561,2,7,2/2561|NVI781|231863,normal
ผู้สอนแทรกเนื้อหาเกี่ยวกับคุณธรรมจริยธรรมในการเรียนการสอน,5,71.43,2,28.57,0,0,0,0,0,0,0,0,4.71,0.49,ส่วนที่ 2 ข้อคำถามของคณะ/หน่วยงาน,ปริญญาตรี โครงการพิเศษ,2/2561,NVI781,231863,44,7 (15.91%),https://sgulyano.github.io/eval/68346670.html,2561,2,7,2/2561|NVI781|231863,normal
โสตทัศนูปกรณ์ช่วยสอนในห้องเรียน เช่น ไมโครโฟน เครื่องฉายแผ่นทึบ มีคุณภาพพร้อมใช้งาน,4,57.14,2,28.57,1,14.29,0,0,0,0,0,0,4.43,0.79,ส่วนที่ 3 สภาพแวดล้อมและสิ่งสนับสนุนการเรียนรู้,ปริญญาตรี โครงการพิเศษ,2/2561,NVI781,231863,44,7 (15.91%),https://sgulyano.github.io/eval/68346670.html,2561,2,7,2/2561|NVI781|231863,normal
สภาพของห้องเรียนหรือห้องปฏิบัติการ เช่น แสง อุณหภูมิ โต๊ะ เก้าอี้ จุดเชื่อมต่ออินเตอร์เน็ตไร้สายบริการ ฯลฯ มีความเหมาะสมและคุณภาพพร้อมใช้งาน,5,71.43,1,14.29,1,14.29,0,0,0,0,0,0,4.57,0.79,ส่วนที่ 3 สภาพแวดล้อมและสิ่งสนับสนุนการเรียนรู้,ปริญญาตรี โครงการพิเศษ,2/2561,NVI781,231863,44,7 (15.91%),https://sgulyano.github.io/eval/68346670.html,2561,2,7,2/2561|NVI781|231863,normal
จำนวนอุปกรณ์ในการเรียนการสอนเพียงพอ และเหมาะสมต่อจำนวนผู้เรียน เช่น คอมพิวเตอร์ เครื่องดนตรี ฯลฯ,5,71.43,1,14.29,1,14.29,0,0,0,0,0,0,4.57,0.79,ส่วนที่ 3 สภาพแวดล้อมและสิ่งสนับสนุนการเรียนรู้,ปริญญาตรี โครงการพิเศษ,2/2561,NVI781,231863,44,7 (15.91%),https://sgulyano.github.io/eval/68346670.html,2561,2,7,2/2561|NVI781|231863,normal
เจ้าหน้าที่อำนวยความสะดวกในการให้บริการในการเรียนวิชานี้,5,71.43,1,14.29,1,14.29,0,0,0,0,0,0,4.57,0.79,ส่วนที่ 3 สภาพแวดล้อมและสิ่งสนับสนุนการเรียนรู้,ปริญญาตรี โครงการพิเศษ,2/2561,NVI781,231863,44,7 (15.91%),https://sgulyano.github.io/eval/68346670.html,2561,2,7,2/2561|NVI781|231863,normal
"ผู้สอนมีการกำหนดวัตถุประสงค์, หัวข้อการสอน, และมีเอกสารอ่านประกอบ",124,71.26,36,20.69,12,6.9,0,0,1,0.57,1,0.57,4.63,0.67,ส่วนที่ 1 ข้อคำถามกลางของมหาวิทยาลัย,ปริญญาตรี โครงการปกติ,2/2563,RMW014,556574,560,175 (31.25%),https://sgulyano.github.io/eval/71728345.html,2563,2,175,2/2563|RMW014|556574,covid
ผู้สอนมีการสอน ตามสภาพจริง เหมาะสมภายใต้ข้อจำกัดในสถานการณ์ COVID-19 และสอดคล้องกับมาตรฐานการเรียนรู้ / ตัวชี้วัด,122,70.11,30,17.24,19,10.92,1,0.57,1,0.57,1,0.57,4.57,0.76,ส่วนที่ 1 ข้อคำถามกลางของมหาวิทยาลัย,ปริญญาตรี โครงการปกติ,2/2563,RMW014,556574,560,175 (31.25%),https://sgulyano.github.io/eval/71728345.html,2563,2,175,2/2563|RMW014|556574,covid
ผู้สอนมีการประเมินผล ตามสภาพจริง เหมาะสมภายใต้ข้อจำกัดในสถานการณ์ COVID-19 และสอดคล้องกับมาตรฐานการเรียนรู้ / ตัวชี้วัด,106,60.92,45,25.86,19,10.92,2,1.15,1,0.57,1,0.57,4.46,0.78,ส่วนที่ 1 ข้อคำถามกลางของมหาวิทยาลัย,ปริญญาตรี โครงการปกติ,2/2563,RMW014,556574,560,175 (31.25%),https://sgulyano.github.io/eval/71728345.html,2563,2,175,2/2563|RMW014|556574,covid
ผู้สอนสร้างช่องทางการติดต่อกับผู้เรียน ในการปรึกษาข้อสงสัยในหัวข้อที่เรียน ทำให้การเรียนเป็นไปตามวัตถุประสงค์,121,69.54,32,18.39,17,9.77,1,0.57,1,0.57,2,1.15,4.58,0.74,ส่วนที่ 1 ข้อคำถามกลางของมหาวิทยาลัย,ปริญญาตรี โครงการปกติ,2/2563,RMW014,556574,560,175 (31.25%),https://sgulyano.github.io/eval/71728345.html,2563,2,175,2/2563|RMW014|556574,covid
ผู้สอนมีการเตรียมการสอนมาอย่างดี สอนอย่างมีขั้นตอนและต่อเนื่อง ตามเค้าโครงการสอนหรือเนื้อหาวิชาที่รับผิดชอบภายใต้ข้อจำกัดในการเรียนการสอนออนไลน์,118,67.82,36,20.69,16,9.2,2,1.15,1,0.57,1,0.57,4.55,0.76,ส่วนที่ 1 ข้อคำถามกลางของมหาวิทยาลัย,ปริญญาตรี โครงการปกติ,2/2563,RMW014,556574,560,175 (31.25%),https://sgulyano.github.io/eval/71728345.html,2563,2,175,2/2563|RMW014|556574,covid
ผู้สอนอธิบายชัดเจน ตรงประเด็น มีการยกตัวอย่างประกอบให้เข้าใจง่าย และมีการใช้สื่อการสอนที่สามารถเชื่อมโยงกับเนื้อหาที่สอนให้ผู้เรียนเกิดการเรียนรู้ได้ดีขึ้น,96,55.17,47,27.01,23,13.22,6,3.45,1,0.57,1,0.57,4.34,0.88,ส่วนที่ 1 ข้อคำถามกลางของมหาวิทยาลัย,ปริญญาตรี โครงการปกติ,2/2563,RMW014,556574,560,175 (31.25%),https://sgulyano.github.io/eval/71728345.html,2563,2,175,2/2563|RMW014|556574,covid
ผู้สอนกระตุ้นและส่งเสริมให้นักศึกษาซักถาม คิด วิเคราะห์ วิจารณ์ แสดงความคิดเห็น และส่งเสริมการค้นคว้าด้วยตนเอง พร้อมแนะนำแหล่งความรู้เพิ่มเติม,93,53.45,47,27.01,26,14.94,5,2.87,2,1.15,1,0.57,4.29,0.91,ส่วนที่ 1 ข้อคำถามกลางของมหาวิทยาลัย,ปริญญาตรี โครงการปกติ,2/2563,RMW014,556574,560,175 (31.25%),https://sgulyano.github.io/eval/71728345.html,2563,2,175,2/2563|RMW014|556574,covid
ผู้สอนส่งเสริมให้นักศึกษามีคุณธรรม จริยธรรม และปลูกฝังจิตสํานึกให้นักศึกษานําไปประพฤติและปฏิบัติได้อย่างเหมาะสม,104,59.77,43,24.71,20,11.49,4,2.3,1,0.57,2,1.15,4.42,0.83,ส่วนที่ 1 ข้อคำถามกลางของมหาวิทยาลัย,ปริญญาตรี โครงการปกติ,2/2563,RMW014,556574,560,175 (31.25%),https://sgulyano.github.io/eval/71728345.html,2563,2,175,2/2563|RMW014|556574,covid
"ผู้สอนมีการกำหนดวัตถุประสงค์, หัวข้อการสอน, และมีเอกสารอ่านประกอบ",27,67.5,11,27.5,2,5,0,0,0,0,0,0,4.63,0.59,ส่วนที่ 1 ข้อคำถามกลางของมหาวิทยาลัย,ปริญญาตรี โครงการพิเศษ,2/2564,FGL497,231863,66,41 (62.12%),https://sgulyano.github.io/eval/79550445.html,2564,2,41,2/2564|FGL497|231863,covid
ผู้สอนมีการสอน ตามสภาพจริง เหมาะสมภายใต้ข้อจำกัดในสถานการณ์ COVID-19 และสอดคล้องกับมาตรฐานการเรียนรู้ / ตัวชี้วัด,24,60,12,30,2,5,2,5,0,0,0,0,4.45,0.81,ส่วนที่ 1 ข้อคำถามกลางของมหาวิทยาลัย,ปริญญาตรี โครงการพิเศษ,2/2564,FGL497,231863,66,41 (62.12%),https://sgulyano.github.io/eval/79550445.html,2564,2,41,2/2564|FGL497|231863,covid
ผู้สอนมีการประเมินผล ตามสภาพจริง เหมาะสมภายใต้ข้อจำกัดในสถานการณ์ COVID-19 และสอดคล้องกับมาตรฐานการเรียนรู้ / ตัวชี้วัด,23,57.5,13,32.5,4,10,0,0,0,0,0,0,4.48,0.68,ส่วนที่ 1 ข้อคำถามกลางของมหาวิทยาลัย,ปริญญาตรี โครงการพิเศษ,2/2564,FGL497,231863,66,41 (62.12%),https://sgulyano.github.io/eval/79550445.html,2564,2,41,2/2564|FGL497|231863,covid
ผู้สอนสร้างช่องทางการติดต่อกับผู้เรียน ในการปรึกษาข้อสงสัยในหัวข้อที่เรียน ทำให้การเรียนเป็นไปตามวัตถุประสงค์,19,47.5,9,22.5,7,17.5,4,10,1,2.5,0,0,4.03,1.14,ส่วนที่ 1 ข้อคำถามกลางของมหาวิทยาลัย,ปริญญาตรี โครงการพิเศษ,2/2564,FGL497,231863,66,41 (62.12%),https://sgulyano.github.io/eval/79550445.html,2564,2,41,2/2564|FGL497|231863,covid
ผู้สอนมีการเตรียมการสอนมาอย่างดี สอนอย่างมีขั้นตอนและต่อเนื่อง ตามเค้าโครงการสอนหรือเนื้อหาวิชาที่รับผิดชอบภายใต้ข้อจำกัดในการเรียนการสอนออนไลน์,19,47.5,19,47.5,2,5,0,0,0,0,0,0,4.43,0.59,ส่วนที่ 1 ข้อคำถามกลางของมหาวิทยาลัย,ปริญญาตรี โครงการพิเศษ,2/2564,FGL497,231863,66,41 (62.12%),https://sgulyano.github.io/eval/79550445.html,2564,2,41,2/2564|FGL497|231863,covid
ผู้สอนอธิบายชัดเจน ตรงประเด็น มีการยกตัวอย่างประกอบให้เข้าใจง่าย และมีการใช้สื่อการสอนที่สามารถเชื่อมโยงกับเนื้อหาที่สอนให้ผู้เรียนเกิดการเรียนรู้ได้ดีขึ้น,11,27.5,18,45,11,27.5,0,0,0,0,0,0,4,0.75,ส่วนที่ 1 ข้อคำถามกลางของมหาวิทยาลัย,ปริญญาตรี โครงการพิเศษ,2/2564,FGL497,231863,66,41 (62.12%),https://sgulyano.github.io/eval/79550445.html,2564,2,41,2/2564|FGL497|231863,covid
ผู้สอนกระตุ้นและส่งเสริมให้นักศึกษาซักถาม คิด วิเคราะห์ วิจารณ์ แสดงความคิดเห็น และส่งเสริมการค้นคว้าด้วยตนเอง พร้อมแนะนำแหล่งความรู้เพิ่มเติม,20,50,10,25,10,25,0,0,0,0,0,0,4.25,0.84,ส่วนที่ 1 ข้อคำถามกลางของมหาวิทยาลัย,ปริญญาตรี โครงการพิเศษ,2/2564,FGL497,231863,66,41 (62.12%),https://sgulyano.github.io/eval/79550445.html,2564,2,41,2/2564|FGL497|231863,covid
ผู้สอนส่งเสริมให้นักศึกษามีคุณธรรม จริยธรรม และปลูกฝังจิตสํานึกให้นักศึกษานําไปประพฤติและปฏิบัติได้อย่างเหมาะสม,22,55,13,32.5,3,7.5,1,2.5,0,0,1,2.5,4.44,0.75,ส่วนที่ 1 ข้อคำถามกลางของมหาวิทยาลัย,ปริญญาตรี โครงการพิเศษ,2/2564,FGL497,231863,66,41 (62.12%),https://sgulyano.github.io/eval/79550445.html,2564,2,41,2/2564|FGL497|231863,covid
"ผู้สอนมีการกำหนดวัตถุประสงค์, หัวข้อการสอน, และมีเอกสารอ่านประกอบ",4,80,1,20,0,0,0,0,0,0,0,0,4.8,0.45,ส่วนที่ 1 ข้อคำถามกลางของมหาวิทยาลัย,ปริญญาตรี โครงการพิเศษ,2/2563,AZW892,231863,43,5 (11.63%),https://sgulyano.github.io/eval/83255004.html,2563,2,5,2/2563|AZW892|231863,covid
ผู้สอนมีการสอน ตามสภาพจริง เหมาะสมภายใต้ข้อจำกัดในสถานการณ์ COVID-19 และสอดคล้องกับมาตรฐานการเรียนรู้ / ตัวชี้วัด,3,60,1,20,1,20,0,0,0,0,0,0,4.4,0.89,ส่วนที่ 1 ข้อคำถามกลางของมหาวิทยาลัย,ปริญญาตรี โครงการพิเศษ,2/2563,AZW892,231863,43,5 (11.63%),https://sgulyano.github.io/eval/83255004.html,2563,2,5,2/2563|AZW892|231863,covid
ผู้สอนมีการประเมินผล ตามสภาพจริง เหมาะสมภายใต้ข้อจำกัดในสถานการณ์ COVID-19 และสอดคล้องกับมาตรฐานการเรียนรู้ / ตัวชี้วัด,2,40,1,20,2,40,0,0,0,0,0,0,4,1.00,ส่วนที่ 1 ข้อคำถามกลางของมหาวิทยาลัย,ปริญญาตรี โครงการพิเศษ,2/2563,AZW892,231863,43,5 (11.63%),https://sgulyano.github.io/eval/83255004.html,2563,2,5,2/2563|AZW892|231863,covid
ผู้สอนสร้างช่องทางการติดต่อกับผู้เรียน ในการปรึกษาข้อสงสัยในหัวข้อที่เรียน ทำให้การเรียนเป็นไปตามวัตถุประสงค์,4,80,0,0,1,20,0,0,0,0,0,0,4.6,0.89,ส่วนที่ 1 ข้อคำถามกลางของมหาวิทยาลัย,ปริญญาตรี โครงการพิเศษ,2/2563,AZW892,231863,43,5 (11.63%),https://sgulyano.github.io/eval/83255004.html,2563,2,5,2/2563|AZW892|231863,covid
ผู้สอนมีการเตรียมการสอนมาอย่างดี สอนอย่างมีขั้นตอนและต่อเนื่อง ตามเค้าโครงการสอนหรือเนื้อหาวิชาที่รับผิดชอบภายใต้ข้อจำกัดในการเรียนการสอนออนไลน์,3,60,1,20,1,20,0,0,0,0,0,0,4.4,0.89,ส่วนที่ 1 ข้อคำถามกลางของมหาวิทยาลัย,ปริญญาตรี โครงการพิเศษ,2/2563,AZW892,231863,43,5 (11.63%),https://sgulyano.github.io/eval/83255004.html,2563,2,5,2/2563|AZW892|231863,covid
ผู้สอนอธิบายชัดเจน ตรงประเด็น มีการยกตัวอย่างประกอบให้เข้าใจง่าย และมีการใช้สื่อการสอนที่สามารถเชื่อมโยงกับเนื้อหาที่สอนให้ผู้เรียนเกิดการเรียนรู้ได้ดีขึ้น,3,60,0,0,1,20,0,0,1,20,0,0,3.8,1.79,ส่วนที่ 1 ข้อคำถามกลางของมหาวิทยาลัย,ปริญญาตรี โครงการพิเศษ,2/2563,AZW892,231863,43,5 (11.63%),https://sgulyano.github.io/eval/83255004.html,2563,2,5,2/2563|AZW892|231863,covid
ผู้สอนกระตุ้นและส่งเสริมให้นักศึกษาซักถาม คิด วิเคราะห์ วิจารณ์ แสดงความคิดเห็น และส่งเสริมการค้นคว้าด้วยตนเอง พร้อมแนะนำแหล่งความรู้เพิ่มเติม,4,80,0,0,1,20,0,0,0,0,0,0,4.6,0.89,ส่วนที่ 1 ข้อคำถามกลางของมหาวิทยาลัย,ปริญญาตรี โครงการพิเศษ,2/2563,AZW892,231863,43,5 (11.63%),https://sgulyano.github.io/eval/83255004.html,2563,2,5,2/2563|AZW892|231863,covid
ผู้สอนส่งเสริมให้นักศึกษามีคุณธรรม จริยธรรม และปลูกฝังจิตสํานึกให้นักศึกษานําไปประพฤติและปฏิบัติได้อย่างเหมาะสม,4,80,0,0,0,0,1,20,0,0,0,0,4.4,1.34,ส่วนที่ 1 ข้อคำถามกลางของมหาวิทยาลัย,ปริญญาตรี โครงการพิเศษ,2/2563,AZW892,231863,43,5 (11.63%),https://sgulyano.github.io/eval/83255004.html,2563,2,5,2/2563|AZW892|231863,covid
สอนอย่างเป็นระบบ,4,50,2,25,0,0,1,12.5,0,0,1,12.5,4.29,1.11,ส่วนที่ 1 ข้อคำถามกลางของมหาวิทยาลัย,ปริญญาตรี โครงการพิเศษ,1/2563,YRY790,728025,44,9 (20.45%),https://sgulyano.github.io/eval/94026030.html,2563,1,9,1/2563|YRY790|728025,normal
สอนให้คิด วิเคราะห์ วิจารณ์,1,12.5,4,50,1,12.5,1,12.5,1,12.5,0,0,3.38,1.30,ส่วนที่ 1 ข้อคำถามกลางของมหาวิทยาลัย,ปริญญาตรี โครงการพิเศษ,1/2563,YRY790,728025,44,9 (20.45%),https://sgulyano.github.io/eval/94026030.html,2563,1,9,1/2563|YRY790|728025,normal
กระตุ้นบรรยากาศการเรียนการสอน มีวิธีสอนที่น่าสนใจและน่าติดตาม,1,12.5,2,25,3,37.5,1,12.5,1,12.5,0,0,3.13,1.25,ส่วนที่ 1 ข้อคำถามกลางของมหาวิทยาลัย,ปริญญาตรี โครงการพิเศษ,1/2563,YRY790,728025,44,9 (20.45%),https://sgulyano.github.io/eval/94026030.html,2563,1,9,1/2563|YRY790|728025,normal
เปิดโอกาสให้แสดงความคิดเห็นและแลกเปลี่ยนประสบการณ์ ทั้งภายในและภายนอกห้องเรียน,2,25,3,37.5,2,25,1,12.5,0,0,0,0,3.75,1.04,ส่วนที่ 1 ข้อคำถามกลางของมหาวิทยาลัย,ปริญญาตรี โครงการพิเศษ,1/2563,YRY790,728025,44,9 (20.45%),https://sgulyano.github.io/eval/94026030.html,2563,1,9,1/2563|YRY790|728025,normal
มีการให้นำเสนองาน/มีการวัดผลโดยวิธีอื่นๆที่สะท้อนความสามารถของผู้เรียนนอกเหนือจากการตอบข้อสอบ,1,12.5,5,62.5,1,12.5,1,12.5,0,0,0,0,3.75,0.89,ส่วนที่ 1 ข้อคำถามกลางของมหาวิทยาลัย,ปริญญาตรี โครงการพิเศษ,1/2563,YRY790,728025,44,9 (20.45%),https://sgulyano.github.io/eval/94026030.html,2563,1,9,1/2563|YRY790|728025,normal
ทำให้เห็นความสัมพันธ์กับวิชาอื่นที่เกี่ยวข้อง,1,12.5,3,37.5,2,25,2,25,0,0,0,0,3.38,1.06,ส่วนที่ 1 ข้อคำถามกลางของมหาวิทยาลัย,ปริญญาตรี โครงการพิเศษ,1/2563,YRY790,728025,44,9 (20.45%),https://sgulyano.github.io/eval/94026030.html,2563,1,9,1/2563|YRY790|728025,normal
ใช้สื่อและอุปกรณ์ช่วยสอนได้ดี,1,12.5,4,50,2,25,0,0,1,12.5,0,0,3.5,1.20,ส่วนที่ 1 ข้อคำถามกลางของมหาวิทยาลัย,ปริญญาตรี โครงการพิเศษ,1/2563,YRY790,728025,44,9 (20.45%),https://sgulyano.github.io/eval/94026030.html,2563,1,9,1/2563|YRY790|728025,normal
แนะนำแหล่งค้นคว้าข้อมูลเพิ่มเติมให้,1,12.5,2,25,2,25,1,12.5,2,25,0,0,2.88,1.46,ส่วนที่ 1 ข้อคำถามกลางของมหาวิทยาลัย,ปริญญาตรี โครงการพิเศษ,1/2563,YRY790,728025,44,9 (20.45%),https://sgulyano.github.io/eval/94026030.html,2563,1,9,1/2563|YRY790|728025,normal
ผู้สอนแจ้งวัตถุประสงค์และเนื้อหารายวิชาตามเค้าโครงการสอนรายวิชาอย่างชัดเจน,3,37.5,2,25,2,25,0,0,1,12.5,0,0,3.75,1.39,ส่วนที่ 2 ข้อคำถามของคณะ/หน่วยงาน,ปริญญาตรี โครงการพิเศษ,1/2563,YRY790,728025,44,9 (20.45%),https://sgulyano.github.io/eval/94026030.html,2563,1,9,1/2563|YRY790|728025,normal
ผู้สอนแจ้งเกณฑ์และวิธีประเมินผลล่วงหน้าชัดเจน,5,62.5,2,25,0,0,0,0,1,12.5,0,0,4.25,1.39,ส่วนที่ 2 ข้อคำถามของคณะ/หน่วยงาน,ปริญญาตรี โครงการพิเศษ,1/2563,YRY790,728025,44,9 (20.45%),https://sgulyano.github.io/eval/94026030.html,2563,1,9,1/2563|YRY790|728025,normal
ผู้สอนเข้าสอนและเลิกสอนตรงเวลา,5,62.5,2,25,1,12.5,0,0,0,0,0,0,4.5,0.76,ส่วนที่ 2 ข้อคำถามของคณะ/หน่วยงาน,ปริญญาตรี โครงการพิเศษ,1/2563,YRY790,728025,44,9 (20.45%),https://sgulyano.github.io/eval/94026030.html,2563,1,9,1/2563|YRY790|728025,normal
ผู้สอนมาสอนสม่ำเสมอ,4,50,2,25,1,12.5,0,0,1,12.5,0,0,4,1.41,ส่วนที่ 2 ข้อคำถามของคณะ/หน่วยงาน,ปริญญาตรี โครงการพิเศษ,1/2563,YRY790,728025,44,9 (20.45%),https://sgulyano.github.io/eval/94026030.html,2563,1,9,1/2563|YRY790|728025,normal
ผู้สอนสอนเนื้อหาครบถ้วน และสอดคล้องตามเค้าโครงการสอนรายวิชา,3,37.5,3,37.5,1,12.5,0,0,1,12.5,0,0,3.88,1.36,ส่วนที่ 2 ข้อคำถามของคณะ/หน่วยงาน,ปริญญาตรี โครงการพิเศษ,1/2563,YRY790,728025,44,9 (20.45%),https://sgulyano.github.io/eval/94026030.html,2563,1,9,1/2563|YRY790|728025,normal
ผู้สอนมีการเตรียมการสอนมาอย่างดี,4,50,2,25,0,0,0,0,1,12.5,1,12.5,4.14,1.46,ส่วนที่ 2 ข้อคำถามของคณะ/หน่วยงาน,ปริญญาตรี โครงการพิเศษ,1/2563,YRY790,728025,44,9 (20.45%),https://sgulyano.github.io/eval/94026030.html,2563,1,9,1/2563|YRY790|728025,normal
ผู้สอนชี้แนะจุดมุ่งหมายประเด็นหรือข้อสรุปที่เป็นเนื้อหาสาระสำคัญ,1,12.5,4,50,1,12.5,1,12.5,1,12.5,0,0,3.38,1.30,ส่วนที่ 2 ข้อคำถามของคณะ/หน่วยงาน,ปริญญาตรี โครงการพิเศษ,1/2563,YRY790,728025,44,9 (20.45%),https://sgulyano.github.io/eval/94026030.html,2563,1,9,1/2563|YRY790|728025,normal
ผู้สอนแทรกเนื้อหาเกี่ยวกับคุณธรรมจริยธรรมในการเรียนการสอน,2,25,3,37.5,1,12.5,1,12.5,1,12.5,0,0,3.5,1.41,ส่วนที่ 2 ข้อคำถามของคณะ/หน่วยงาน,ปริญญาตรี โครงการพิเศษ,1/2563,YRY790,728025,44,9 (20.45%),https://sgulyano.github.io/eval/94026030.html,2563,1,9,1/2563|YRY790|728025,normal
โสตทัศนูปกรณ์ช่วยสอนในห้องเรียน เช่น ไมโครโฟน เครื่องฉายแผ่นทึบ มีคุณภาพพร้อมใช้งาน,3,37.5,4,50,1,12.5,0,0,0,0,0,0,4.25,0.71,ส่วนที่ 3 สภาพแวดล้อมและสิ่งสนับสนุนการเรียนรู้,ปริญญาตรี โครงการพิเศษ,1/2563,YRY790,728025,44,9 (20.45%),https://sgulyano.github.io/eval/94026030.html,2563,1,9,1/2563|YRY790|728025,normal
สภาพของห้องเรียนหรือห้องปฏิบัติการ เช่น แสง อุณหภูมิ โต๊ะ เก้าอี้ จุดเชื่อมต่ออินเตอร์เน็ตไร้สายบริการ ฯลฯ มีความเหมาะสมและคุณภาพพร้อมใช้งาน,3,37.5,4,50,0,0,1,12.5,0,0,0,0,4.13,0.99,ส่วนที่ 3 สภาพแวดล้อมและสิ่งสนับสนุนการเรียนรู้,ปริญญาตรี โครงการพิเศษ,1/2563,YRY790,728025,44,9 (20.45%),https://sgulyano.github.io/eval/94026030.html,2563,1,9,1/2563|YRY790|728025,normal
จำนวนอุปกรณ์ในการเรียนการสอนเพียงพอ และเหมาะสมต่อจำนวนผู้เรียน เช่น คอมพิวเตอร์ เครื่องดนตรี ฯลฯ,3,37.5,3,37.5,2,25,0,0,0,0,0,0,4.13,0.83,ส่วนที่ 3 สภาพแวดล้อมและสิ่งสนับสนุนการเรียนรู้,ปริญญาตรี โครงการพิเศษ,1/2563,YRY790,728025,44,9 (20.45%),https://sgulyano.github.io/eval/94026030.html,2563,1,9,1/2563|YRY790|728025,normal
เจ้าหน้าที่อำนวยความสะดวกในการให้บริการในการเรียนวิชานี้,5,62.5,2,25,0,0,1,12.5,0,0,0,0,4.38,1.06,ส่วนที่ 3 สภาพแวดล้อมและสิ่งสนับสนุนการเรียนรู้,ปริญญาตรี โครงการพิเศษ,1/2563,YRY790,728025,44,9 (20.45%),https://sgulyano.github.io/eval/94026030.html,2563,1,9,1/2563|YRY790|728025,normal
สอนอย่างเป็นระบบ,18,75,4,16.67,2,8.33,0,0,0,0,0,0,4.67,0.64,ส่วนที่ 1 ข้อคำถามกลางของมหาวิทยาลัย,ปริญญาตรี โครงการพิเศษ,1/2563,DRI970,728025,47,25 (53.19%),https://sgulyano.github.io/eval/95860997.html,2563,1,25,1/2563|DRI970|728025,normal
สอนให้คิด วิเคราะห์ วิจารณ์,15,62.5,8,33.33,0,0,0,0,1,4.17,0,0,4.5,0.88,ส่วนที่ 1 ข้อคำถามกลางของมหาวิทยาลัย,ปริญญาตรี โครงการพิเศษ,1/2563,DRI970,728025,47,25 (53.19%),https://sgulyano.github.io/eval/95860997.html,2563,1,25,1/2563|DRI970|728025,normal
กระตุ้นบรรยากาศการเรียนการสอน มีวิธีสอนที่น่าสนใจและน่าติดตาม,9,37.5,7,29.17,6,25,1,4.17,1,4.17,0,0,3.92,1.10,ส่วนที่ 1 ข้อคำถามกลางของมหาวิทยาลัย,ปริญญาตรี โครงการพิเศษ,1/2563,DRI970,728025,47,25 (53.19%),https://sgulyano.github.io/eval/95860997.html,2563,1,25,1/2563|DRI970|728025,normal
เปิดโอกาสให้แสดงความคิดเห็นและแลกเปลี่ยนประสบการณ์ ทั้งภายในและภายนอกห้องเรียน,13,54.17,8,33.33,2,8.33,1,4.17,0,0,0,0,4.38,0.82,ส่วนที่ 1 ข้อคำถามกลางของมหาวิทยาลัย,ปริญญาตรี โครงการพิเศษ,1/2563,DRI970,728025,47,25 (53.19%),https://sgulyano.github.io/eval/95860997.html,2563,1,25,1/2563|DRI970|728025,normal
มีการให้นำเสนองาน/มีการวัดผลโดยวิธีอื่นๆที่สะท้อนความสามารถของผู้เรียนนอกเหนือจากการตอบข้อสอบ,18,75,4,16.67,2,8.33,0,0,0,0,0,0,4.67,0.64,ส่วนที่ 1 ข้อคำถามกลางของมหาวิทยาลัย,ปริญญาตรี โครงการพิเศษ,1/2563,DRI970,728025,47,25 (53.19%),https://sgulyano.github.io/eval/95860997.html,2563,1,25,1/2563|DRI970|728025,normal
ทำให้เห็นความสัมพันธ์กับวิชาอื่นที่เกี่ยวข้อง,15,62.5,5,20.83,4,16.67,0,0,0,0,0,0,4.46,0.78,ส่วนที่ 1 ข้อคำถามกลางของมหาวิทยาลัย,ปริญญาตรี โครงการพิเศษ,1/2563,DRI970,728025,47,25 (53.19%),https://sgulyano.github.io/eval/95860997.html,2563,1,25,1/2563|DRI970|728025,normal
ใช้สื่อและอุปกรณ์ช่วยสอนได้ดี,18,75,6,25,0,0,0,0,0,0,0,0,4.75,0.44,ส่วนที่ 1 ข้อคำถามกลางของมหาวิทยาลัย,ปริญญาตรี โครงการพิเศษ,1/2563,DRI970,728025,47,25 (53.19%),https://sgulyano.github.io/eval/95860997.html,2563,1,25,1/2563|DRI970|728025,normal
แนะนำแหล่งค้นคว้าข้อมูลเพิ่มเติมให้,16,66.67,5,20.83,3,12.5,0,0,0,0,0,0,4.54,0.72,ส่วนที่ 1 ข้อคำถามกลางของมหาวิทยาลัย,ปริญญาตรี โครงการพิเศษ,1/2563,DRI970,728025,47,25 (53.19%),https://sgulyano.github.io/eval/95860997.html,2563,1,25,1/2563|DRI970|728025,normal
ผู้สอนแจ้งวัตถุประสงค์และเนื้อหารายวิชาตามเค้าโครงการสอนรายวิชาอย่างชัดเจน,20,83.33,4,16.67,0,0,0,0,0,0,0,0,4.83,0.38,ส่วนที่ 2 ข้อคำถามของคณะ/หน่วยงาน,ปริญญาตรี โครงการพิเศษ,1/2563,DRI970,728025,47,25 (53.19%),https://sgulyano.github.io/eval/95860997.html,2563,1,25,1/2563|DRI970|728025,normal
ผู้สอนแจ้งเกณฑ์และวิธีประเมินผลล่วงหน้าชัดเจน,21,87.5,3,12.5,0,0,0,0,0,0,0,0,4.88,0.34,ส่วนที่ 2 ข้อคำถามของคณะ/หน่วยงาน,ปริญญาตรี โครงการพิเศษ,1/2563,DRI970,728025,47,25 (53.19%),https://sgulyano.github.io/eval/95860997.html,2563,1,25,1/2563|DRI970|728025,normal
ผู้สอนเข้าสอนและเลิกสอนตรงเวลา,23,95.83,1,4.17,0,0,0,0,0,0,0,0,4.96,0.20,ส่วนที่ 2 ข้อคำถามของคณะ/หน่วยงาน,ปริญญาตรี โครงการพิเศษ,1/2563,DRI970,728025,47,25 (53.19%),https://sgulyano.github.io/eval/95860997.html,2563,1,25,1/2563|DRI970|728025,normal
ผู้สอนมาสอนสม่ำเสมอ,23,95.83,1,4.17,0,0,0,0,0,0,0,0,4.96,0.20,ส่วนที่ 2 ข้อคำถามของคณะ/หน่วยงาน,ปริญญาตรี โครงการพิเศษ,1/2563,DRI970,728025,47,25 (53.19%),https://sgulyano.github.io/eval/95860997.html,2563,1,25,1/2563|DRI970|728025,normal
ผู้สอนสอนเนื้อหาครบถ้วน และสอดคล้องตามเค้าโครงการสอนรายวิชา,18,75,6,25,0,0,0,0,0,0,0,0,4.75,0.44,ส่วนที่ 2 ข้อคำถามของคณะ/หน่วยงาน,ปริญญาตรี โครงการพิเศษ,1/2563,DRI970,728025,47,25 (53.19%),https://sgulyano.github.io/eval/95860997.html,2563,1,25,1/2563|DRI970|728025,normal
ผู้สอนมีการเตรียมการสอนมาอย่างดี,19,79.17,4,16.67,1,4.17,0,0,0,0,0,0,4.75,0.53,ส่วนที่ 2 ข้อคำถามของคณะ/หน่วยงาน,ปริญญาตรี โครงการพิเศษ,1/2563,DRI970,728025,47,25 (53.19%),https://sgulyano.github.io/eval/95860997.html,2563,1,25,1/2563|DRI970|728025,normal
ผู้สอนชี้แนะจุดมุ่งหมายประเด็นหรือข้อสรุปที่เป็นเนื้อหาสาระสำคัญ,18,75,6,25,0,0,0,0,0,0,0,0,4.75,0.44,ส่วนที่ 2 ข้อคำถามของคณะ/หน่วยงาน,ปริญญาตรี โครงการพิเศษ,1/2563,DRI970,728025,47,25 (53.19%),https://sgulyano.github.io/eval/95860997.html,2563,1,25,1/2563|DRI970|728025,normal
ผู้สอนแทรกเนื้อหาเกี่ยวกับคุณธรรมจริยธรรมในการเรียนการสอน,14,58.33,4,16.67,6,25,0,0,0,0,0,0,4.33,0.87,ส่วนที่ 2 ข้อคำถามของคณะ/หน่วยงาน,ปริญญาตรี โครงการพิเศษ,1/2563,DRI970,728025,47,25 (53.19%),https://sgulyano.github.io/eval/95860997.html,2563,1,25,1/2563|DRI970|728025,normal
โสตทัศนูปกรณ์ช่วยสอนในห้องเรียน เช่น ไมโครโฟน เครื่องฉายแผ่นทึบ มีคุณภาพพร้อมใช้งาน,16,66.67,6,25,1,4.17,0,0,1,4.17,0,0,4.5,0.93,ส่วนที่ 3 สภาพแวดล้อมและสิ่งสนับสนุนการเรียนรู้,ปริญญาตรี โครงการพิเศษ,1/2563,DRI970,728025,47,25 (53.19%),https://sgulyano.github.io/eval/95860997.html,2563,1,25,1/2563|DRI970|728025,normal
สภาพของห้องเรียนหรือห้องปฏิบัติการ เช่น แสง อุณหภูมิ โต๊ะ เก้าอี้ จุดเชื่อมต่ออินเตอร์เน็ตไร้สายบริการ ฯลฯ มีความเหมาะสมและคุณภาพพร้อมใช้งาน,13,54.17,8,33.33,2,8.33,1,4.17,0,0,0,0,4.38,0.82,ส่วนที่ 3 สภาพแวดล้อมและสิ่งสนับสนุนการเรียนรู้,ปริญญาตรี โครงการพิเศษ,1/2563,DRI970,728025,47,25 (53.19%),https://sgulyano.github.io/eval/95860997.html,2563,1,25,1/2563|DRI970|728025,normal
จำนวนอุปกรณ์ในการเรียนการสอนเพียงพอ และเหมาะสมต่อจำนวนผู้เรียน เช่น คอมพิวเตอร์ เครื่องดนตรี ฯลฯ,13,54.17,6,25,4,16.67,1,4.17,0,0,0,0,4.29,0.91,ส่วนที่ 3 สภาพแวดล้อมและสิ่งสนับสนุนการเรียนรู้,ปริญญาตรี โครงการพิเศษ,1/2563,DRI970,728025,47,25 (53.19%),https://sgulyano.github.io/eval/95860997.html,2563,1,25,1/2563|DRI970|728025,normal
เจ้าหน้าที่อำนวยความสะดวกในการให้บริการในการเรียนวิชานี้,14,58.33,6,25,3,12.5,1,4.17,0,0,0,0,4.38,0.88,ส่วนที่ 3 สภาพแวดล้อมและสิ่งสนับสนุนการเรียนรู้,ปริญญาตรี โครงการพิเศษ,1/2563,DRI970,728025,47,25 (53.19%),https://sgulyano.github.io/eval/95860997.html,2563,1,25,1/2563|DRI970|728025,normal
สอนอย่างเป็นระบบ,15,51.72,11,37.93,2,6.9,1,3.45,0,0,0,0,4.38,0.78,ส่วนที่ 1 ข้อคำถามกลางของมหาวิทยาลัย,ปริญญาตรี โครงการพิเศษ,1/2563,NYE553,231863,43,29 (67.44%),https://sgulyano.github.io/eval/96905621.html,2563,1,29,1/2563|NYE553|231863,normal
สอนให้คิด วิเคราะห์ วิจารณ์,14,48.28,9,31.03,6,20.69,0,0,0,0,0,0,4.28,0.80,ส่วนที่ 1 ข้อคำถามกลางของมหาวิทยาลัย,ปริญญาตรี โครงการพิเศษ,1/2563,NYE553,231863,43,29 (67.44%),https://sgulyano.github.io/eval/96905621.html,2563,1,29,1/2563|NYE553|231863,normal
กระตุ้นบรรยากาศการเรียนการสอน มีวิธีสอนที่น่าสนใจและน่าติดตาม,13,44.83,7,24.14,7,24.14,1,3.45,1,3.45,0,0,4.03,1.09,ส่วนที่ 1 ข้อคำถามกลางของมหาวิทยาลัย,ปริญญาตรี โครงการพิเศษ,1/2563,NYE553,231863,43,29 (67.44%),https://sgulyano.github.io/eval/96905621.html,2563,1,29,1/2563|NYE553|231863,normal
เปิดโอกาสให้แสดงความคิดเห็นและแลกเปลี่ยนประสบการณ์ ทั้งภายในและภายนอกห้องเรียน,15,51.72,10,34.48,4,13.79,0,0,0,0,0,0,4.38,0.73,ส่วนที่ 1 ข้อคำถามกลางของมหาวิทยาลัย,ปริญญาตรี โครงการพิเศษ,1/2563,NYE553,231863,43,29 (67.44%),https://sgulyano.github.io/eval/96905621.html,2563,1,29,1/2563|NYE553|231863,normal
มีการให้นำเสนองาน/มีการวัดผลโดยวิธีอื่นๆที่สะท้อนความสามารถของผู้เรียนนอกเหนือจากการตอบข้อสอบ,16,55.17,13,44.83,0,0,0,0,0,0,0,0,4.55,0.51,ส่วนที่ 1 ข้อคำถามกลางของมหาวิทยาลัย,ปริญญาตรี โครงการพิเศษ,1/2563,NYE553,231863,43,29 (67.44%),https://sgulyano.github.io/eval/96905621.html,2563,1,29,1/2563|NYE553|231863,normal
ทำให้เห็นความสัมพันธ์กับวิชาอื่นที่เกี่ยวข้อง,12,41.38,10,34.48,5,17.24,2,6.9,0,0,0,0,4.1,0.94,ส่วนที่ 1 ข้อคำถามกลางของมหาวิทยาลัย,ปริญญาตรี โครงการพิเศษ,1/2563,NYE553,231863,43,29 (67.44%),https://sgulyano.github.io/eval/96905621.html,2563,1,29,1/2563|NYE553|231863,normal
ใช้สื่อและอุปกรณ์ช่วยสอนได้ดี,17,58.62,7,24.14,2,6.9,2,6.9,1,3.45,0,0,4.28,1.10,ส่วนที่ 1 ข้อคำถามกลางของมหาวิทยาลัย,ปริญญาตรี โครงการพิเศษ,1/2563,NYE553,231863,43,29 (67.44%),https://sgulyano.github.io/eval/96905621.html,2563,1,29,1/2563|NYE553|231863,normal
แนะนำแหล่งค้นคว้าข้อมูลเพิ่มเติมให้,16,55.17,7,24.14,6,20.69,0,0,0,0,0,0,4.34,0.81,ส่วนที่ 1 ข้อคำถามกลางของมหาวิทยาลัย,ปริญญาตรี โครงการพิเศษ,1/2563,NYE553,231863,43,29 (67.44%),https://sgulyano.github.io/eval/96905621.html,2563,1,29,1/2563|NYE553|231863,normal
ผู้สอนแจ้งวัตถุประสงค์และเนื้อหารายวิชาตามเค้าโครงการสอนรายวิชาอย่างชัดเจน,19,65.52,7,24.14,3,10.34,0,0,0,0,0,0,4.55,0.69,ส่วนที่ 2 ข้อคำถามของคณะ/หน่วยงาน,ปริญญาตรี โครงการพิเศษ,1/2563,NYE553,231863,43,29 (67.44%),https://sgulyano.github.io/eval/96905621.html,2563,1,29,1/2563|NYE553|231863,normal
ผู้สอนแจ้งเกณฑ์และวิธีประเมินผลล่วงหน้าชัดเจน,21,72.41,5,17.24,2,6.9,1,3.45,0,0,0,0,4.59,0.78,ส่วนที่ 2 ข้อคำถามของคณะ/หน่วยงาน,ปริญญาตรี โครงการพิเศษ,1/2563,NYE553,231863,43,29 (67.44%),https://sgulyano.github.io/eval/96905621.html,2563,1,29,1/2563|NYE553|231863,normal
ผู้สอนเข้าสอนและเลิกสอนตรงเวลา,19,65.52,9,31.03,1,3.45,0,0,0,0,0,0,4.62,0.56,ส่วนที่ 2 ข้อคำถามของคณะ/หน่วยงาน,ปริญญาตรี โครงการพิเศษ,1/2563,NYE553,231863,43,29 (67.44%),https://sgulyano.github.io/eval/96905621.html,2563,1,29,1/2563|NYE553|231863,normal
ผู้สอนมาสอนสม่ำเสมอ,20,68.97,8,27.59,0,0,1,3.45,0,0,0,0,4.62,0.68,ส่วนที่ 2 ข้อคำถามของคณะ/หน่วยงาน,ปริญญาตรี โครงการพิเศษ,1/2563,NYE553,231863,43,29 (67.44%),https://sgulyano.github.io/eval/96905621.html,2563,1,29,1/2563|NYE553|231863,normal
ผู้สอนสอนเนื้อหาครบถ้วน และสอดคล้องตามเค้าโครงการสอนรายวิชา,18,62.07,7,24.14,4,13.79,0,0,0,0,0,0,4.48,0.74,ส่วนที่ 2 ข้อคำถามของคณะ/หน่วยงาน,ปริญญาตรี โครงการพิเศษ,1/2563,NYE553,231863,43,29 (67.44%),https://sgulyano.github.io/eval/96905621.html,2563,1,29,1/2563|NYE553|231863,normal
ผู้สอนมีการเตรียมการสอนมาอย่างดี,20,68.97,6,20.69,2,6.9,1,3.45,0,0,0,0,4.55,0.78,ส่วนที่ 2 ข้อคำถามของคณะ/หน่วยงาน,ปริญญาตรี โครงการพิเศษ,1/2563,NYE553,231863,43,29 (67.44%),https://sgulyano.github.io/eval/96905621.html,2563,1,29,1/2563|NYE553|231863,normal
ผู้สอนชี้แนะจุดมุ่งหมายประเด็นหรือข้อสรุปที่เป็นเนื้อหาสาระสำคัญ,16,55.17,9,31.03,3,10.34,1,3.45,0,0,0,0,4.38,0.82,ส่วนที่ 2 ข้อคำถามของคณะ/หน่วยงาน,ปริญญาตรี โครงการพิเศษ,1/2563,NYE553,231863,43,29 (67.44%),https://sgulyano.github.io/eval/96905621.html,2563,1,29,1/2563|NYE553|231863,normal
ผู้สอนแทรกเนื้อหาเกี่ยวกับคุณธรรมจริยธรรมในการเรียนการสอน,15,51.72,9,31.03,3,10.34,2,6.9,0,0,0,0,4.28,0.92,ส่วนที่ 2 ข้อคำถามของคณะ/หน่วยงาน,ปริญญาตรี โครงการพิเศษ,1/2563,NYE553,231863,43,29 (67.44%),https://sgulyano.github.io/eval/96905621.html,2563,1,29,1/2563|NYE553|231863,normal
โสตทัศนูปกรณ์ช่วยสอนในห้องเรียน เช่น ไมโครโฟน เครื่องฉายแผ่นทึบ มีคุณภาพพร้อมใช้งาน,14,48.28,8,27.59,5,17.24,1,3.45,1,3.45,0,0,4.14,1.06,ส่วนที่ 3 สภาพแวดล้อมและสิ่งสนับสนุนการเรียนรู้,ปริญญาตรี โครงการพิเศษ,1/2563,NYE553,231863,43,29 (67.44%),https://sgulyano.github.io/eval/96905621.html,2563,1,29,1/2563|NYE553|231863,normal
สภาพของห้องเรียนหรือห้องปฏิบัติการ เช่น แสง อุณหภูมิ โต๊ะ เก้าอี้ จุดเชื่อมต่ออินเตอร์เน็ตไร้สายบริการ ฯลฯ มีความเหมาะสมและคุณภาพพร้อมใช้งาน,13,44.83,11,37.93,4,13.79,0,0,1,3.45,0,0,4.21,0.94,ส่วนที่ 3 สภาพแวดล้อมและสิ่งสนับสนุนการเรียนรู้,ปริญญาตรี โครงการพิเศษ,1/2563,NYE553,231863,43,29 (67.44%),https://sgulyano.github.io/eval/96905621.html,2563,1,29,1/2563|NYE553|231863,normal
จำนวนอุปกรณ์ในการเรียนการสอนเพียงพอ และเหมาะสมต่อจำนวนผู้เรียน เช่น คอมพิวเตอร์ เครื่องดนตรี ฯลฯ,15,51.72,6,20.69,5,17.24,0,0,3,10.34,0,0,4.03,1.30,ส่วนที่ 3 สภาพแวดล้อมและสิ่งสนับสนุนการเรียนรู้,ปริญญาตรี โครงการพิเศษ,1/2563,NYE553,231863,43,29 (67.44%),https://sgulyano.github.io/eval/96905621.html,2563,1,29,1/2563|NYE553|231863,normal
เจ้าหน้าที่อำนวยความสะดวกในการให้บริการในการเรียนวิชานี้,14,48.28,10,34.48,4,13.79,0,0,1,3.45,0,0,4.24,0.95,ส่วนที่ 3 สภาพแวดล้อมและสิ่งสนับสนุนการเรียนรู้,ปริญญาตรี โครงการพิเศษ,1/2563,NYE553,231863,43,29 (67.44%),https://sgulyano.github.io/eval/96905621.html,2563,1,29,1/2563|NYE553|231863,normal
